ticker,event,n_days,total_car,mean_ar,std_ar,t_stat,p_value,significant,beta,stars,total_car_pct,ticker_name
1913.HK,full_trailer,8,0.0549624573481366,0.006870307168517,0.0102903679052615,1.7664212169932691,0.1206655257741555,False,0.638561709019885,,5.496,Prada
1913.HK,musical_extension,8,-0.0447356516314923,-0.0055919564539365,0.0163045470648888,-0.9074110467796414,0.3943535474684748,False,0.2148844361834437,,-4.474,Prada
1913.HK,musical_opening,8,0.0775287782164819,0.0096910972770602,0.0204689012469466,1.2526433645411923,0.2505601649290628,False,0.6143515838178011,,7.753,Prada
1913.HK,musical_previews,8,0.0849074294827842,0.010613428685348,0.0283742068820124,0.9896485556729864,0.3553129876287281,False,0.7810180700050041,,8.491,Prada
1913.HK,nyc_premiere,8,0.012530905135925,0.0015663631419906,0.0196439806603401,0.2109657613790995,0.8389240312039066,False,0.3271841234879626,,1.253,Prada
1913.HK,prada_fw26_show,8,,,,,,False,0.1027402234106256,,,Prada
1913.HK,prada_ss26_show,8,0.0437006716007678,0.0054625839500959,0.0183504887546875,0.7875887580419311,0.4567723287839019,False,0.3001532964428057,,4.37,Prada
1913.HK,teaser_trailer,8,0.0101019457020381,0.0012627432127547,0.0208466090083813,0.1602612928242013,0.877201920879608,False,0.3837520316025825,,1.01,Prada
1913.HK,theatrical_release,4,,,,,,False,0.4928398426703847,,,Prada
CPRI,full_trailer,8,-0.1534183723228035,-0.0191772965403504,0.0485154045077771,-1.0458195284380891,0.3304078532104341,False,1.1457299704769106,,-15.342,Capri Holdings
CPRI,musical_extension,8,0.1151811144315033,0.0143976393039379,0.0305142431759803,1.2483538538033874,0.2520346011471795,False,2.301700492562674,,11.518,Capri Holdings
CPRI,musical_opening,8,0.0422221177117783,0.0052777647139722,0.0180728369377094,0.7726320421973784,0.4650231268744974,False,0.798314700827748,,4.222,Capri Holdings
CPRI,musical_previews,8,-0.7597012377167588,-0.0949626547145948,0.22049162002681,-1.1394880593773296,0.2919861420597436,False,0.9824826804692224,,-75.97,Capri Holdings
CPRI,nyc_premiere,8,0.0265783414209624,0.0033222926776203,0.020518875964462,0.4283840997322725,0.6812443632949887,False,1.7795107861343635,,2.658,Capri Holdings
CPRI,prada_fw26_show,8,0.0415816096510017,0.0051977012063752,0.0289549394172148,0.4749388207358238,0.6492913810447312,False,2.459636095621135,,4.158,Capri Holdings
CPRI,prada_ss26_show,8,-0.0950443340475928,-0.0118805417559491,0.0328400407185112,-0.9571534699481014,0.3703710951700469,False,3.8204896756915736,,-9.504,Capri Holdings
CPRI,teaser_trailer,8,0.0505483330734175,0.0063185416341771,0.0259461000802764,0.6443083839543394,0.5399060294651533,False,2.4467328018805,,5.055,Capri Holdings
CPRI,theatrical_release,4,-0.0746862200294029,-0.0186715550073507,0.0186031409661515,-1.738420516615525,0.1805238066748903,False,1.6875881649769782,,-7.469,Capri Holdings
EL,full_trailer,8,-0.1788574766495235,-0.0223571845811904,0.0692033511544952,-0.8547497979591032,0.4209774471737002,False,1.2925827821624272,,-17.886,Estee Lauder
EL,musical_extension,8,-0.0001054510624816,-1.318138281021248e-05,0.0309782538493706,-0.0011257787808615,0.9991331697969372,False,2.056950788517685,,-0.011,Estee Lauder
EL,musical_opening,8,0.1201133684075594,0.0150141710509449,0.020124394244897,1.9739109788439129,0.0889768328568793,False,1.890745755871011,*,12.011,Estee Lauder
EL,musical_previews,8,-0.2107510929303886,-0.0263438866162985,0.071073981445,-0.9806594640761072,0.3594305568342348,False,1.0747879026367633,,-21.075,Estee Lauder
EL,nyc_premiere,8,0.0475646872270756,0.0059455859033844,0.0137080140563236,1.1475434467963614,0.2888596876574045,False,1.8196524792216933,,4.756,Estee Lauder
EL,prada_fw26_show,8,-0.0300226652257092,-0.0037528331532136,0.0186246002849079,-0.5331155076314572,0.6104533017698924,False,2.881950904523883,,-3.002,Estee Lauder
EL,prada_ss26_show,8,-0.0440871593023822,-0.0055108949127977,0.0121976782050862,-1.195346950093677,0.2708717060368634,False,1.553661760676708,,-4.409,Estee Lauder
EL,teaser_trailer,8,0.0090341782390768,0.0011292722798846,0.0195525925159784,0.152807031221665,0.8828618940266406,False,1.7390860406743895,,0.903,Estee Lauder
EL,theatrical_release,4,0.0814302075298955,0.0203575518824738,0.0216562466467436,1.6281821477807252,0.2019702070223419,False,1.9396622076316368,,8.143,Estee Lauder
KER.PA,full_trailer,8,-0.0185373892502849,-0.0023171736562856,0.0144656350641143,-0.4238089245242099,0.6844242079916691,False,0.6709196405363488,,-1.854,Kering
KER.PA,musical_extension,8,-0.0475977153318345,-0.0059497144164793,0.0148084261626787,-1.063007273354465,0.3230690066382267,False,0.7545655540302018,,-4.76,Kering
KER.PA,musical_opening,8,0.050433381609603,0.0063041727012003,0.0220508511325469,0.7564004259572531,0.4740915014476579,False,1.969626220101916,,5.043,Kering
KER.PA,musical_previews,8,0.0681777112884013,0.0085222139110501,0.0114879135354269,1.9627287895926813,0.0904552663548756,False,1.8355565957392297,*,6.818,Kering
KER.PA,nyc_premiere,8,-0.0252359569116296,-0.0031544946139537,0.0148864442747032,-0.5606448461837662,0.5925229774745832,False,1.148577704389399,,-2.524,Kering
KER.PA,prada_fw26_show,8,0.0664550823106412,0.0083068852888301,0.0113379652348682,1.9384388810961932,0.0937502690286651,False,0.7497123626254827,*,6.646,Kering
KER.PA,prada_ss26_show,8,0.0156709800127469,0.0019588725015933,0.0148030307944265,0.3501100255260116,0.7365541071076763,False,0.5463549614104346,,1.567,Kering
KER.PA,teaser_trailer,8,-0.0677316288881756,-0.0084664536110219,0.0220544377897764,-1.0156745302214265,0.3435973378397662,False,0.6559411391435211,,-6.773,Kering
KER.PA,theatrical_release,4,,,,,,False,1.366809185745716,,,Kering
MC.PA,full_trailer,8,-0.0245625081103692,-0.0030703135137961,0.0155657716428487,-0.5218685068039982,0.6178630091767301,False,1.2236456212197169,,-2.456,LVMH
MC.PA,musical_extension,8,0.0341406505766657,0.0042675813220832,0.0180324521453387,0.6261466153894697,0.5510817836754217,False,1.47817889078647,,3.414,LVMH
MC.PA,musical_opening,8,0.0293180726347788,0.0036647590793473,0.0167643030846337,0.578374244963789,0.581133874047755,False,1.7555077973407365,,2.932,LVMH
MC.PA,musical_previews,8,0.0546728524715541,0.0068341065589442,0.0071013915511748,2.546169473684425,0.0383172736422693,True,1.8204822758181651,**,5.467,LVMH
MC.PA,nyc_premiere,8,0.0126613536032359,0.0015826692004044,0.0094764121352023,0.4418707261999353,0.6719114167110003,False,0.8757985264268454,,1.266,LVMH
MC.PA,prada_fw26_show,8,0.0437802841687074,0.0054725355210884,0.0149674379864602,0.9673644910281298,0.3655876687386939,False,1.3458300108219876,,4.378,LVMH
MC.PA,prada_ss26_show,8,-0.012999020463336,-0.001624877557917,0.0157631405567288,-0.2727262320415732,0.7929338618143751,False,0.929284554977533,,-1.3,LVMH
MC.PA,teaser_trailer,8,-0.0132029373453781,-0.0016503671681722,0.007580063097725,-0.576045481763896,0.5826226563917324,False,1.20994195076898,,-1.32,LVMH
MC.PA,theatrical_release,4,,,,,,False,0.9821062001183788,,,LVMH
RMS.PA,full_trailer,8,-0.0106641903291051,-0.0013330237911381,0.0124605384292441,-0.2830414964097154,0.7853323317478248,False,1.2274821591814602,,-1.066,Hermes
RMS.PA,musical_extension,8,-0.0734745507379747,-0.0091843188422468,0.0146358491062344,-1.6602674325030402,0.140819560515953,False,1.1654540855609432,,-7.347,Hermes
RMS.PA,musical_opening,8,0.0102861169294036,0.0012857646161754,0.0119191268867845,0.2854079372825943,0.7835919541345243,False,1.5304855767378216,,1.029,Hermes
RMS.PA,musical_previews,8,0.051291029553313,0.0064113786941641,0.0039653471235628,4.277787809551266,0.0036653468747921,True,1.732099780880643,***,5.129,Hermes
RMS.PA,nyc_premiere,8,0.0666034570047671,0.0083254321255958,0.015081815052607,1.4605021268754392,0.18753148342348,False,1.1041915339745063,,6.66,Hermes
RMS.PA,prada_fw26_show,8,-0.0161672945879385,-0.0020209118234923,0.0122579717468045,-0.4361920729621957,0.6758336967570547,False,1.1825282594677549,,-1.617,Hermes
RMS.PA,prada_ss26_show,8,-0.0091036479547548,-0.0011379559943443,0.0115728402320178,-0.2601564096288778,0.8022294813717064,False,0.9830728753875866,,-0.91,Hermes
RMS.PA,teaser_trailer,8,0.0322718807762981,0.0040339850970372,0.0098061470353866,1.0883909165125518,0.3124695706526925,False,1.20961887111165,,3.227,Hermes
RMS.PA,theatrical_release,4,,,,,,False,1.319965945417525,,,Hermes
TPR,full_trailer,8,0.179781289770515,0.0224726612213143,0.0364382547362053,1.6317212039885625,0.1467582762099986,False,1.6481277036210982,,17.978,Tapestry
TPR,musical_extension,8,-0.0449855163015014,-0.0056231895376876,0.0113215744747938,-1.3140894073368483,0.2302386252146928,False,1.0238733875017385,,-4.499,Tapestry
TPR,musical_opening,8,-0.0874075982646413,-0.0109259497830801,0.0086776158976717,-3.3312543795544367,0.012569434072575,True,0.328018773383568,**,-8.741,Tapestry
TPR,musical_previews,8,0.0962610111679934,0.0120326263959991,0.0455600405603234,0.6987556786876398,0.5072488267151303,False,1.3106752779901267,,9.626,Tapestry
TPR,nyc_premiere,8,-0.0871371545267532,-0.0108921443158441,0.016920068220811,-1.703179013693603,0.132315937953498,False,1.2844428641248726,,-8.714,Tapestry
TPR,prada_fw26_show,8,-0.0521311807568803,-0.00651639759461,0.0194530157059582,-0.8862773638781865,0.404885436800254,False,0.6188197388629924,,-5.213,Tapestry
TPR,prada_ss26_show,8,-0.022992626740777,-0.0028740783425971,0.020993827366978,-0.3622063004571275,0.7278858395747752,False,1.9307780252464628,,-2.299,Tapestry
TPR,teaser_trailer,8,0.028303162529686,0.0035378953162107,0.0202797040644253,0.4615644854351628,0.6583941246885046,False,1.6868970327218442,,2.83,Tapestry
TPR,theatrical_release,4,-0.0524527202442205,-0.0131131800610551,0.0115319266291861,-1.9695489613212591,0.1435098785598821,False,1.441419620923735,,-5.245,Tapestry
