id,subreddit,title,text,score,num_comments,created_utc,query,event,date,combined_text,vader,finbert
1noeqjz,fashion,This was the outfit I wore for a London fashion week after party :),,1,0,1758626705.0,prada fashion week,prada_ss26_show,2025-09-23,This was the outfit I wore for a London fashion week after party :),0.6908,
1nnjqzh,fashion,I attended 10 London Fashion Week shows – this is the one trend you need to know,"London Fashion Week took over the capital this week. Concluding with this evening’s Burberry show, highlights of the spring/summer 2026 showcases have ranged from Naomi Campbell’s supermodel turn on the Richard Quinn runway, Jerry Hall roleplaying as a “diva psychic” at Completed Works and Lola Young performing at the star-studded H&amp;M show.

Opening night saw Harris Reed unveiling “The Aviary” with sculptural silhouettes, platform shoes and a splashing of tiger print defining a collection that mirrored the moody atmosphere of St Pancras’ gothic bar. Next up was arguably the hottest ticket in town, with H&amp;M’s high street spectacle seeing the likes of Romeo Beckham, Iris Law and Lila Moss wear this season’s biggest trends down the catwalk (think leathers, slouchy boots and sharp tailoring).

Read more: [https://www.independent.co.uk/extras/indybest/fashion-beauty/womens-clothing/london-fashion-week-spring-summer-2026-b2831105.html](https://www.independent.co.uk/extras/indybest/fashion-beauty/womens-clothing/london-fashion-week-spring-summer-2026-b2831105.html)

Photo credit: *Erdem/Bora Aksu/Simone Rocha*",2,1,1758540034.0,prada fashion week,prada_ss26_show,2025-09-22,"I attended 10 London Fashion Week shows – this is the one trend you need to know London Fashion Week took over the capital this week. Concluding with this evening’s Burberry show, highlights of the spring/summer 2026 showcases have ranged from Naomi Campbell’s supermodel turn on the Richard Quinn runway, Jerry Hall roleplaying as a “diva psychic” at Completed Works and Lola Young performing at the star-studded H&amp;M show.

Opening night saw Harris Reed unveiling “The Aviary” with sculptural silhouettes, platform shoes and a splashing of tiger print defining a collection that mirrored the moody atmosphere of St Pancras’ gothic bar. Next up was arguably the hottest ticket in town, with H&amp;M’s high street spectacle seeing the likes of Romeo Beckham, Iris Law and Lila Moss wear this season’s biggest trends down the catwalk (think leathers, slouchy boots and sharp tailoring).

Read more: [https://www.independent.co.uk/extras/indybest/fashion-beauty/womens-clothing/london-fashion-week-spring-summer-2026-b2831105.html](https://www.independent.co.uk/extras/indybest/fashion-beauty/womens-clothing/london-fashion-week-spring-summer-2026-b2831105.html)

Photo credit: *Erdem/Bora Aksu/Simone Rocha*",0.2878,
1nicwb9,movies,"I disagree with the ""Pile of Stuff"" scene from Devil Wears Prada.","I don't want this to come across as some curmudgeonly rant against the fashion industry. I realise fashion is an art form like any other, and a lot of talented people work in the field.

However, there's one scene from the Devil Wears Prada that I never resonated with as much as others seemed to. It's the moment where Andy and Miranda are standing before a pile of clothes and Andy essentially claims that she isn't entrenched in the high fashion world, choosing instead to buy simple clothes from department stores.

What follows is a monologue from Miranda, essentially explaining that Andy is actually deeply affected by the decisions made by high level fashion designers which then trickle down into the department stores and bargain bins.

It always feels like the scene is supposed to prove Andy wrong. It certainly ends with Andy unable to reply, and the sense of a point scored in Miranda's favor.

But after all these years, I still don't feel the monologue really disproves Andy's point.

Yes her sweater is cerulean due to a trickle down of higher level design choices, but it's clear Andy still makes the decision to pick whatever item of clothing is available in the department store.

If an entire industry is based around promoting Style A, or Style B or Style C, yet it becomes apparent that Andy would pick whatever style is available, it actually paints her as immune to the fashion industry rather than beholden to it.

If they'd chosen green, she would have picked green.

It's like someone wanted to buy a watch just to tell the time. Yes I'm sure a million decisions are being made about watch faces and minute hands by incredibly passionate people... but if someone goes out and simply buys a watch, while they might be swayed in their choice by individual designs, they're hardly beholden to those higher decisions.

Miranda's argument seems to be ""a lot of people put a lot of work into this arbitrary decision you made"". But the scale of effort that goes into something doesn't seem convincing on its own; I think Andy would have been right to counter that, just because a lot of people worked on something, doesn't mean the work is inherently valuable to her decision.

Though I'm sure both things are true, and I have to commend The Devil Wears Prada for giving such food for thought after so many years.",510,224,1758015466.0,prada fashion week,prada_ss26_show,2025-09-16,"I disagree with the ""Pile of Stuff"" scene from Devil Wears Prada. I don't want this to come across as some curmudgeonly rant against the fashion industry. I realise fashion is an art form like any other, and a lot of talented people work in the field.

However, there's one scene from the Devil Wears Prada that I never resonated with as much as others seemed to. It's the moment where Andy and Miranda are standing before a pile of clothes and Andy essentially claims that she isn't entrenched in the high fashion world, choosing instead to buy simple clothes from department stores.

What follows is a monologue from Miranda, essentially explaining that Andy is actually deeply affected by the decisions made by high level fashion designers which then trickle down into the department stores and bargain bins.

It always feels like the scene is supposed to prove Andy wrong. It certainly ends with Andy unable to reply, and the sense of a point scored in Miranda's favor.

But after all these years, I still don't feel the monologue really disproves Andy's point.

Yes her sweater is cerulean due to a trickle down of higher level design choices, but it's clear Andy still makes the decision to pick whatever item of clothing is available in the department store.

If an entire industry is based around promoting Style A, or Style B or Style C, yet it becomes apparent that Andy would pick whatever style is available, it actually paints her as immune to the fashion industry rather than beholden to it.

If they'd chosen green, she would have picked green.

It's like someone wanted to buy a watch just to tell the time. Yes I'm sure a million decisions are being made about watch faces and minute hands by incredibly passionate people... but if someone goes out and simply buys a watch, while they might be swayed in their choice by individual designs, they're hardly beholden to those higher decisions.

Miranda's argument seems to be ""a lot of people put a lot of work into this arbitrary decision you made"". But the scale of effort that goes into something doesn't seem convincing on its own; I think Andy would have been right to counter that, just because a lot of people worked on something, doesn't mean the work is inherently valuable to her decision.

Though I'm sure both things are true, and I have to commend The Devil Wears Prada for giving such food for thought after so many years.",0.984,
1ng3cu4,movies,Favorite movies for outfit inspiration?,"I'm curious about everyone's favorite movies for sartorial inspiration, and why. It doesn't have to be a movie that necessarily deals with fashion or being in the fashion industry, but just had it baked in with stylish characters and really good costume designers. 

Some of my favorites are: (costume designer in parentheses)

* Party Girl (Michael Clancy) - really captures a 90s downtown NYC party scene; Parker Posey's character growth is illustrated through her clothes (they become more serious as she wants to become a librarian)
*  Clueless (Mona May) - its mix of high-low is appealing and aspirational; really an era-defining movie in terms of how many of these outfits are still replicated today
*  Devil Wears Prada (Pat Field) - this movie's fashion is pretty ageless, especially all of Andie's montage outfits
*  The Fifth Element (Jean Paul Gaultier) - very experimental and camp, especially many of the alien characters  
* Emma (2020) (Alexandra Byrne) - silhouettes and styles feel very grounded in reality, but the color and accessory choices are frothy, bright, and feel like a confectionery shop. ",0,8,1757784413.0,prada fashion week,prada_ss26_show,2025-09-13,"Favorite movies for outfit inspiration? I'm curious about everyone's favorite movies for sartorial inspiration, and why. It doesn't have to be a movie that necessarily deals with fashion or being in the fashion industry, but just had it baked in with stylish characters and really good costume designers. 

Some of my favorites are: (costume designer in parentheses)

* Party Girl (Michael Clancy) - really captures a 90s downtown NYC party scene; Parker Posey's character growth is illustrated through her clothes (they become more serious as she wants to become a librarian)
*  Clueless (Mona May) - its mix of high-low is appealing and aspirational; really an era-defining movie in terms of how many of these outfits are still replicated today
*  Devil Wears Prada (Pat Field) - this movie's fashion is pretty ageless, especially all of Andie's montage outfits
*  The Fifth Element (Jean Paul Gaultier) - very experimental and camp, especially many of the alien characters  
* Emma (2020) (Alexandra Byrne) - silhouettes and styles feel very grounded in reality, but the color and accessory choices are frothy, bright, and feel like a confectionery shop.",0.9792,
