id,subreddit,title,text,score,num_comments,created_utc,query,event,date,combined_text
1qt9ydf,fashion,Valentines Day Dresses,Hello! I’m deciding on which Valentine’s Day dress I should wear for dinner. The 3rd dress is a 2 piece so I can always take the sweater part off. Thank you! ,41,33,1769978101.0,devil wears prada 2,full_trailer,2026-02-01,Valentines Day Dresses Hello! I’m deciding on which Valentine’s Day dress I should wear for dinner. The 3rd dress is a 2 piece so I can always take the sweater part off. Thank you!
1qpr5ow,fashion,Help me choose which pants to keep or return? 🙂,"Hello!! my black Friday return deadlines are coming up so it is truly decision time :) And I think I need objective opinions. Your help is much appreciated!!!

1. For the jeans - I usually always wear tall sizes but surprisingly these are too long unless I wear at least kitten heels. Does it only look good in the pic with heels? I'm worried that with flat shoes it looks frumpy it makes me look wider than I am - does it? If so I'll probably return it or see if they have regular length in stock and if that isn't too short.

2. For the flared trousers. I am worried they don't have a wide enough flare. Are they even flattering or am I tripping? I also don't know which is better between the dark brown or grey pinstripe.",6,4,1769641572.0,devil wears prada 2,full_trailer,2026-01-28,"Help me choose which pants to keep or return? 🙂 Hello!! my black Friday return deadlines are coming up so it is truly decision time :) And I think I need objective opinions. Your help is much appreciated!!!

1. For the jeans - I usually always wear tall sizes but surprisingly these are too long unless I wear at least kitten heels. Does it only look good in the pic with heels? I'm worried that with flat shoes it looks frumpy it makes me look wider than I am - does it? If so I'll probably return it or see if they have regular length in stock and if that isn't too short.

2. For the flared trousers. I am worried they don't have a wide enough flare. Are they even flattering or am I tripping? I also don't know which is better between the dark brown or grey pinstripe."
1qm4f6b,fashion,"Valentine’s Day date outfit ideas : 1,2, or 3? Thoughts ? Date: dinner,walk,dancing downtown","So I don’t normally celebrate Valentine’s Day but someone asked me to be there valentines and made a reservation at my favorite restaurant and wants to go dancing and I loveee dancing it’s a little early to plan an outfit maybe but I like to be prepared and if none of these work then it’s back to the drawing board maybe outsource a dress from a friend? But this is what I chose from my closet. I want to look sexy hot yet classy and beautiful and I want to have the Valentine’s Day aesthetic vibes like hence the colors and I def want to wear a dress but I also want to appear like the outfit is generally like simple outfit not too much or like I’m trying to hard but still care ? Okay I’m leaning towards number 3 the last one the darker one because well 1,2 feel like out of season they feel kinda summer or spring with the lighter tones the 3rd being darker tone I think fits better with winter vibes and also it just looks warmer and cozy like winter fabric and also it is the comfiest so comfort matters! I would wear black heel boots or something usually I would wear open toe but it’s middle of winter doesn’t seem practical idk also 3rd feels classy too what do you think? ",30,33,1769302179.0,devil wears prada 2,full_trailer,2026-01-25,"Valentine’s Day date outfit ideas : 1,2, or 3? Thoughts ? Date: dinner,walk,dancing downtown So I don’t normally celebrate Valentine’s Day but someone asked me to be there valentines and made a reservation at my favorite restaurant and wants to go dancing and I loveee dancing it’s a little early to plan an outfit maybe but I like to be prepared and if none of these work then it’s back to the drawing board maybe outsource a dress from a friend? But this is what I chose from my closet. I want to look sexy hot yet classy and beautiful and I want to have the Valentine’s Day aesthetic vibes like hence the colors and I def want to wear a dress but I also want to appear like the outfit is generally like simple outfit not too much or like I’m trying to hard but still care ? Okay I’m leaning towards number 3 the last one the darker one because well 1,2 feel like out of season they feel kinda summer or spring with the lighter tones the 3rd being darker tone I think fits better with winter vibes and also it just looks warmer and cozy like winter fabric and also it is the comfiest so comfort matters! I would wear black heel boots or something usually I would wear open toe but it’s middle of winter doesn’t seem practical idk also 3rd feels classy too what do you think?"
1qpn3a1,femalefashionadvice,"Petite dressing rules, what actually makes a difference?","I’m petite (5’2) and instead of stressing over every petite guideline, I’ve been paying way more attention to proportions and how outfits actually look on my body in real life.

Sharing a few outfits I’ve been wearing lately :) Curious which petite tips people swear by, and which ones you’ve ignored. 

For me, nothing has worked harder than a good trouser with a heel and makes me feel powerful. ",76,31,1769632338.0,devil wears prada 2,full_trailer,2026-01-28,"Petite dressing rules, what actually makes a difference? I’m petite (5’2) and instead of stressing over every petite guideline, I’ve been paying way more attention to proportions and how outfits actually look on my body in real life.

Sharing a few outfits I’ve been wearing lately :) Curious which petite tips people swear by, and which ones you’ve ignored. 

For me, nothing has worked harder than a good trouser with a heel and makes me feel powerful."
1qxusvz,malefashionadvice,The Devil Wears a World Catastrophe with Dylan Adler,"Young men give me hope for this planet; creative, funny, thoughtful.  Enjoy!",1,1,1770413998.0,devil wears prada 2,full_trailer,2026-02-06,"The Devil Wears a World Catastrophe with Dylan Adler Young men give me hope for this planet; creative, funny, thoughtful.  Enjoy!"
1qwvtwv,malefashionadvice,Where to buy shoes?,Help I wear a Men’s 7 1/2 Guess What! They almost don’t make that size any ideas other than  Amazon ,2,10,1770321641.0,devil wears prada 2,full_trailer,2026-02-05,Where to buy shoes? Help I wear a Men’s 7 1/2 Guess What! They almost don’t make that size any ideas other than  Amazon
1qw0bqf,malefashionadvice,Need some help on a couple of things,"What’s up yall, graduating law school here in a couple months and I need some help finding a couple of things but within the budget of 1-1.2k because of being on a student budget

1. A grey double breasted suit or a charcoal grey pure wool suit

2. Chocolate/chestnut dress shoes

3. Non-dress Shirts that can be worn with suits 

I wear a 50-52r. Let me know if yall have any sites or options that I could use. Thanks.",1,0,1770237784.0,devil wears prada 2,full_trailer,2026-02-04,"Need some help on a couple of things What’s up yall, graduating law school here in a couple months and I need some help finding a couple of things but within the budget of 1-1.2k because of being on a student budget

1. A grey double breasted suit or a charcoal grey pure wool suit

2. Chocolate/chestnut dress shoes

3. Non-dress Shirts that can be worn with suits 

I wear a 50-52r. Let me know if yall have any sites or options that I could use. Thanks."
1qq7qbf,malefashionadvice,Blundstone vs Meermin Chelsea Boots 516054 for Inclement Weather,"Which boots would you go with for inclement weather use, assuming the price difference is not an issue?  The 2 boots I'm looking at in particular are: 

1. Blundstone Classics 550: https://www.blundstone.com/products/walnut-brown-premium-leather-chelsea-boots-mens-style-550 

2. Meermin 516054 - RUST WAXY COMMANDER - E (ULTRAFLEX SYSTEM): https://meermin.com/products/516054-rust-waxy-commader-e-ultraflex-system 

I'm looking for boots to wear for inclement weather like snow and rain.  The environments would be city walking and office environments.  Not any chore or construction type places. 

Blundstone is a solid choice that I know will be great for my needs.  However I'm intrigued by the promise of longevity the Meermins provide with their goodyear welt.  However I'm not sure about their durability or comfort.  

I found the following review for the Meermins: https://www.reddit.com/r/goodyearwelt/comments/1od8b93/meermin_rust_waxy_commander/ .  However I'd like to know if there are any other opinions/experiences others have had with the Meermins.  Especially if they can compare them against the Blundstones.  Any insights would be helpful.  Thanks!

**Update:** I tried both of the boots.  The Meermins looked very good and were the ones I preferred.  However my toes felt crammed to the point of getting a tingling sensation after a couple minutes of walking.  Along with the toe squeezing, I experience a decent amount of heel lift.  This being my first leather boot, I didn't want to gamble on whether it would expand enough once broken in.  So I went with the Blundstones.  Will definitely revisit the Meermins in the future to see if a wider last is used for their chelsea boots.  I would have gone with them for sure if the fit was better.",26,58,1769691125.0,devil wears prada 2,full_trailer,2026-01-29,"Blundstone vs Meermin Chelsea Boots 516054 for Inclement Weather Which boots would you go with for inclement weather use, assuming the price difference is not an issue?  The 2 boots I'm looking at in particular are: 

1. Blundstone Classics 550: https://www.blundstone.com/products/walnut-brown-premium-leather-chelsea-boots-mens-style-550 

2. Meermin 516054 - RUST WAXY COMMANDER - E (ULTRAFLEX SYSTEM): https://meermin.com/products/516054-rust-waxy-commader-e-ultraflex-system 

I'm looking for boots to wear for inclement weather like snow and rain.  The environments would be city walking and office environments.  Not any chore or construction type places. 

Blundstone is a solid choice that I know will be great for my needs.  However I'm intrigued by the promise of longevity the Meermins provide with their goodyear welt.  However I'm not sure about their durability or comfort.  

I found the following review for the Meermins: https://www.reddit.com/r/goodyearwelt/comments/1od8b93/meermin_rust_waxy_commander/ .  However I'd like to know if there are any other opinions/experiences others have had with the Meermins.  Especially if they can compare them against the Blundstones.  Any insights would be helpful.  Thanks!

**Update:** I tried both of the boots.  The Meermins looked very good and were the ones I preferred.  However my toes felt crammed to the point of getting a tingling sensation after a couple minutes of walking.  Along with the toe squeezing, I experience a decent amount of heel lift.  This being my first leather boot, I didn't want to gamble on whether it would expand enough once broken in.  So I went with the Blundstones.  Will definitely revisit the Meermins in the future to see if a wider last is used for their chelsea boots.  I would have gone with them for sure if the fit was better."
1qp2zun,malefashionadvice,Looking to replace my favorite zip up hoodie,"Hey guys,

My favorite everyday hoodie is officially beyond repair after 8+ years of service and I am really struggling to find a replacement.

It was a cheap energy zone light weight zip up I got from target in high school and I have tried so many other hoodies and am struggling to find one that is a similar weight and feel.

The blend was 75% polyester, 21% rayon, 4% spandex and while it seems that blend is still common in women’s athletic wear, finding a men’s hoodie in that blend has proven difficult.

The 2 hoodies that I’ve found that I like most are an Amazon essentials 56% cotton 44% polyester, and a super lightweight 80% polyester 20% cotton UPF.

Alternating between these is fine, but sometimes the Amazon one is too heavy/warm and the upf one is too light and I really miss my perfect old energy zone.

I’m a bigger dude so XXL at the minimum is required. 2X Tall or 3XL would be preferred.

I am willing to spend a couple hundred if that’s what it takes. Any help is much appreciated :-)",2,4,1769579339.0,devil wears prada 2,full_trailer,2026-01-28,"Looking to replace my favorite zip up hoodie Hey guys,

My favorite everyday hoodie is officially beyond repair after 8+ years of service and I am really struggling to find a replacement.

It was a cheap energy zone light weight zip up I got from target in high school and I have tried so many other hoodies and am struggling to find one that is a similar weight and feel.

The blend was 75% polyester, 21% rayon, 4% spandex and while it seems that blend is still common in women’s athletic wear, finding a men’s hoodie in that blend has proven difficult.

The 2 hoodies that I’ve found that I like most are an Amazon essentials 56% cotton 44% polyester, and a super lightweight 80% polyester 20% cotton UPF.

Alternating between these is fine, but sometimes the Amazon one is too heavy/warm and the upf one is too light and I really miss my perfect old energy zone.

I’m a bigger dude so XXL at the minimum is required. 2X Tall or 3XL would be preferred.

I am willing to spend a couple hundred if that’s what it takes. Any help is much appreciated :-)"
1qozk62,malefashionadvice,Unique Panama Shape,"Does anyone know where I can find (or even just how to describe) this style of panama hat where the front and back of the brim are pulled down? The villian is crocodile dundee 2 wears one. Below are 4 photos of him wearing it.

[https://imgur.com/a/oL64fsy](https://imgur.com/a/oL64fsy)

",2,1,1769569500.0,devil wears prada 2,full_trailer,2026-01-28,"Unique Panama Shape Does anyone know where I can find (or even just how to describe) this style of panama hat where the front and back of the brim are pulled down? The villian is crocodile dundee 2 wears one. Below are 4 photos of him wearing it.

[https://imgur.com/a/oL64fsy](https://imgur.com/a/oL64fsy)"
1qnvg84,malefashionadvice,jeans makes me sweat,"so basically in the last 2 months I've started experiencing excessive sweating specifically on my thighs, butt, and legs, but it only seems to happen when I wear jeans, when im home i can walk for an hour and still not sweat as much so other types of pants don't seem to trigger it. I'm wondering if there's something about jeans, like the fabric or lack of breathability that could be causing this, or if it might be related to something.

this is the jean i usually wear: [https://www.google.com/url?sa=t&amp;source=web&amp;rct=j&amp;url=https%3A%2F%2Fwww.zalando.it%2Fbershka-skater-jeans-baggy-black-bej22g0cv-q11.html&amp;ved=0CBYQjRxqFwoTCOCOwoCiqpIDFQAAAAAdAAAAABAI&amp;opi=89978449](https://www.google.com/url?sa=t&amp;source=web&amp;rct=j&amp;url=https%3A%2F%2Fwww.zalando.it%2Fbershka-skater-jeans-baggy-black-bej22g0cv-q11.html&amp;ved=0CBYQjRxqFwoTCOCOwoCiqpIDFQAAAAAdAAAAABAI&amp;opi=89978449)",0,3,1769466985.0,devil wears prada 2,full_trailer,2026-01-26,"jeans makes me sweat so basically in the last 2 months I've started experiencing excessive sweating specifically on my thighs, butt, and legs, but it only seems to happen when I wear jeans, when im home i can walk for an hour and still not sweat as much so other types of pants don't seem to trigger it. I'm wondering if there's something about jeans, like the fabric or lack of breathability that could be causing this, or if it might be related to something.

this is the jean i usually wear: [https://www.google.com/url?sa=t&amp;source=web&amp;rct=j&amp;url=https%3A%2F%2Fwww.zalando.it%2Fbershka-skater-jeans-baggy-black-bej22g0cv-q11.html&amp;ved=0CBYQjRxqFwoTCOCOwoCiqpIDFQAAAAAdAAAAABAI&amp;opi=89978449](https://www.google.com/url?sa=t&amp;source=web&amp;rct=j&amp;url=https%3A%2F%2Fwww.zalando.it%2Fbershka-skater-jeans-baggy-black-bej22g0cv-q11.html&amp;ved=0CBYQjRxqFwoTCOCOwoCiqpIDFQAAAAAdAAAAABAI&amp;opi=89978449)"
1qnkurv,malefashionadvice,Is it a stoner move for me to wear green yellow and red.,Ever since I was a kid they were my favorite colors. No clue why. Often times it was all I wore were these colors. I still do at times but I am scared that people may think I smoke weed. I have not even once touched the devil's lettuce. It was not until I was in middle school people use to make fun of me for my clothes. Now here and there as an adult I get occasional comments if I wear that stuff. I just honestly like the colors I wore this before I even know it meant weed.,0,14,1769445007.0,devil wears prada 2,full_trailer,2026-01-26,Is it a stoner move for me to wear green yellow and red. Ever since I was a kid they were my favorite colors. No clue why. Often times it was all I wore were these colors. I still do at times but I am scared that people may think I smoke weed. I have not even once touched the devil's lettuce. It was not until I was in middle school people use to make fun of me for my clothes. Now here and there as an adult I get occasional comments if I wear that stuff. I just honestly like the colors I wore this before I even know it meant weed.
1qyojc1,movies,Anne Hathaway Wants You to Turn The Devil Wears Prada 2 Into a Fashion Show,,0,11,1770496272.0,devil wears prada 2,full_trailer,2026-02-07,Anne Hathaway Wants You to Turn The Devil Wears Prada 2 Into a Fashion Show
1qxlxoa,movies,The Devil wears prada,"Maybe it’s just me, but honestly, andrea’s friends pissed me off SO MUCH

they acted like andrea getting used to her job was this huge sinister move against herself and everything she has vouched for IN THE PAST

people are allowed to change? the only reason andrea worked as hard as she did because maybe she actively started liking working for miranda?

no doubt- miranda was a cruel dehumanising boss but if it was THAT bad that andrea changed herself negatively(according to her friends) and miranda was against everything andrea vouched for… all it took was a resignation… basic human psychology- you only give priority to the things you care about.

her friends just couldn’t accept that MAYBE… MAYBE andrea is finally realising what she wants and isn’t stuck in shitty ass jobs that require her to be stuck(like nate working in a diner, or lily in the gallery. I remember the 3rd friend being so supportive of andrea- which meant he was appreciative and not jealous of her)

PS- just my two cents, I took this movie with a pinch of salt but oh my god the ragebait lily and nate put me through(which is sad because oh nate is so handsome)",0,11,1770394524.0,devil wears prada 2,full_trailer,2026-02-06,"The Devil wears prada Maybe it’s just me, but honestly, andrea’s friends pissed me off SO MUCH

they acted like andrea getting used to her job was this huge sinister move against herself and everything she has vouched for IN THE PAST

people are allowed to change? the only reason andrea worked as hard as she did because maybe she actively started liking working for miranda?

no doubt- miranda was a cruel dehumanising boss but if it was THAT bad that andrea changed herself negatively(according to her friends) and miranda was against everything andrea vouched for… all it took was a resignation… basic human psychology- you only give priority to the things you care about.

her friends just couldn’t accept that MAYBE… MAYBE andrea is finally realising what she wants and isn’t stuck in shitty ass jobs that require her to be stuck(like nate working in a diner, or lily in the gallery. I remember the 3rd friend being so supportive of andrea- which meant he was appreciative and not jealous of her)

PS- just my two cents, I took this movie with a pinch of salt but oh my god the ragebait lily and nate put me through(which is sad because oh nate is so handsome)"
1qvhrdd,movies,Morning Glory,"Who here has watched this one? I watched it tonight for the second time, and I really enjoyed it! I think this is one of the best performances I've seen of Rachel McAdams, and Harrison Ford and Diane Keaton also do excellent acting jobs as fiercely competing news anchors. In many ways, this one reminds me of The Devil Wears Prada, as Rachel's role in this one is similar to that of Ann Hathaway as a struggling young employee, doing her best to manage a very difficult work situation. And I like how Ford's character busted the sex-offending governor at the end on live TV, destroying his political career and getting him locked up. It's too bad this tactic hasn't yet worked against good old Trump!",36,9,1770188751.0,devil wears prada 2,full_trailer,2026-02-04,"Morning Glory Who here has watched this one? I watched it tonight for the second time, and I really enjoyed it! I think this is one of the best performances I've seen of Rachel McAdams, and Harrison Ford and Diane Keaton also do excellent acting jobs as fiercely competing news anchors. In many ways, this one reminds me of The Devil Wears Prada, as Rachel's role in this one is similar to that of Ann Hathaway as a struggling young employee, doing her best to manage a very difficult work situation. And I like how Ford's character busted the sex-offending governor at the end on live TV, destroying his political career and getting him locked up. It's too bad this tactic hasn't yet worked against good old Trump!"
1qutu0j,movies,Miranda Priestly lives in Billy Joel's home in the Devil Wears Prada sequel,,0,3,1770130017.0,devil wears prada 2,full_trailer,2026-02-03,Miranda Priestly lives in Billy Joel's home in the Devil Wears Prada sequel
1qtgnjx,movies,New Poster for 'The Devil Wears Prada 2',,4371,482,1769994113.0,devil wears prada 2,full_trailer,2026-02-02,New Poster for 'The Devil Wears Prada 2'
1qtgma9,movies,The Devil Wears Prada 2 | Official Trailer,,2743,544,1769994031.0,devil wears prada 2,full_trailer,2026-02-02,The Devil Wears Prada 2 | Official Trailer
1qssy8h,movies,Mandatory Movies for the HS Curriculum?,"Which movies should be mandatory on the 4-year American high school curriculum?  I’ll start:

To Sir, With Love  (first day of 9th grade; your teachers love you and they’re trying to grow you up some, and you need it)

The Breakfast Club  (never count on adults to understand you; open yourself to your peers and get to know them)

The Outsiders  (Actually, the kids already watch this, and they even read the book!)

Casablanca  (Rick, the epitome of cool, with a moral code)

The Man Who Shot Liberty Valence  (a story of America; sometimes we need the old-school hero to clear a path for the new, then step aside, but what about Pompey?)

Dr. Strangelove  (Yeah, these guys are in charge.  Really.  This is just a slight exaggeration!)

Network  (Bear witness and get angry, but brace yourself.)

Jaws  (Heroes often have to push back against fat-assedness.)

Thelma and Louise  (Go, girl!)

The Devil Wears Prada (What does “success” mean to you?

Midnight Cowboy  (on the last day before graduation; let ‘em go out into the world thinking about the range of human experience and that there was a time in America when this film could win the Oscar, and did)",0,38,1769934456.0,devil wears prada 2,full_trailer,2026-02-01,"Mandatory Movies for the HS Curriculum? Which movies should be mandatory on the 4-year American high school curriculum?  I’ll start:

To Sir, With Love  (first day of 9th grade; your teachers love you and they’re trying to grow you up some, and you need it)

The Breakfast Club  (never count on adults to understand you; open yourself to your peers and get to know them)

The Outsiders  (Actually, the kids already watch this, and they even read the book!)

Casablanca  (Rick, the epitome of cool, with a moral code)

The Man Who Shot Liberty Valence  (a story of America; sometimes we need the old-school hero to clear a path for the new, then step aside, but what about Pompey?)

Dr. Strangelove  (Yeah, these guys are in charge.  Really.  This is just a slight exaggeration!)

Network  (Bear witness and get angry, but brace yourself.)

Jaws  (Heroes often have to push back against fat-assedness.)

Thelma and Louise  (Go, girl!)

The Devil Wears Prada (What does “success” mean to you?

Midnight Cowboy  (on the last day before graduation; let ‘em go out into the world thinking about the range of human experience and that there was a time in America when this film could win the Oscar, and did)"
1qtuem2,movies,"Hi, r/movies, I'm Ryan Martin Brown. I helped make YELLING FIRE IN AN EMPTY THEATER, FREE TIME, and THE SCOUT and just wrote a case study for Filmmaker Magazine on microbudget filmmaking. FREE TIME is now streaming for free on Tubi. Ask me anything!","Hello to all from my freezing apartment in Brooklyn - basically what the subject says! I've been a part of a few recent small movies, including Paula González-Nasser's Tribeca film THE SCOUT, out later this year, and just wrote about making FREE TIME, starring Colin Burgess, Rajat Suresh, Holmes, and more. 

The movie is now streaming on Tubi, free of charge, and available everywhere to rent. I'm here to answer your questions.

**Trailer:**

[https://www.youtube.com/watch?v=c8oBjb0nI94](https://www.youtube.com/watch?v=c8oBjb0nI94)

**Synopsis:**

&gt;Approaching the end of his twenties and his relative youth, a man decides to quit his cushy desk job and 'embrace life' - only to realize he has no idea what to do with this newfound freedom.

My Filmmaker Magazine article:

[https://filmmakermagazine.com/132674-microbudget-case-study-free-time/](https://filmmakermagazine.com/132674-microbudget-case-study-free-time/)

I'll be back tomorrow, Monday 2/2, at 3 PM ET to answer your questions. AMA!",22,42,1770037268.0,runway magazine film,full_trailer,2026-02-02,"Hi, r/movies, I'm Ryan Martin Brown. I helped make YELLING FIRE IN AN EMPTY THEATER, FREE TIME, and THE SCOUT and just wrote a case study for Filmmaker Magazine on microbudget filmmaking. FREE TIME is now streaming for free on Tubi. Ask me anything! Hello to all from my freezing apartment in Brooklyn - basically what the subject says! I've been a part of a few recent small movies, including Paula González-Nasser's Tribeca film THE SCOUT, out later this year, and just wrote about making FREE TIME, starring Colin Burgess, Rajat Suresh, Holmes, and more. 

The movie is now streaming on Tubi, free of charge, and available everywhere to rent. I'm here to answer your questions.

**Trailer:**

[https://www.youtube.com/watch?v=c8oBjb0nI94](https://www.youtube.com/watch?v=c8oBjb0nI94)

**Synopsis:**

&gt;Approaching the end of his twenties and his relative youth, a man decides to quit his cushy desk job and 'embrace life' - only to realize he has no idea what to do with this newfound freedom.

My Filmmaker Magazine article:

[https://filmmakermagazine.com/132674-microbudget-case-study-free-time/](https://filmmakermagazine.com/132674-microbudget-case-study-free-time/)

I'll be back tomorrow, Monday 2/2, at 3 PM ET to answer your questions. AMA!"
1qx6zz7,boxoffice,'The Strangers: Chapter 3' Review Thread,"I will continue to update this post as reviews come in.

[**Rotten Tomatoes:**](https://www.rottentomatoes.com/m/the_strangers_chapter_3) Rotten

**Critics Consensus:** A dismal conclusion to a trilogy that had already exhausted *The Strangers*' appeal from the jump, this final chapter goes to show that familiarity can breed contempt.[](https://www.rottentomatoes.com/m/the_strangers_chapter_3/reviews)

|Critics|Score|**Number of Reviews**|Average Rating (Unofficial)|
|:-|:-|:-|:-|
|**All Critics**|18%|35|3.10/10|
|**Top Critics**|0%|7||

[**Metacritic:**](https://www.metacritic.com/movie/the-strangers-chapter-3/) 24 (8 Reviews)

**Sample Reviews:**

Brian Tallerico, [RogerEbert.com](http://RogerEbert.com) **1.5/4** \- By the end, I wasn’t rooting for the fictional Maya to survive the night as much as for the actress who plays her to move on to better material.

Mike McCahill, Guardian **2/5** \- The 2008 original will probably endure as a solid, sleepover-ready example of American ordeal cinema, but this final chapter, like its immediate predecessors, falls somewhere between footnote and outright detritus.

Dennis Harvey, Variety - It stretches material that wouldn’t overfill 90 minutes to 4.5 hours, arriving at no worthwhile destination and conveying scant excitement en route. It aims low… and still bunts.

Meagan Navarro, Bloody Disgusting **1.5/5** \- This misfire instead leaves you repeating the original film’s question, ""Why are you doing this to us?""

William Bibbiani, TheWrap - They say 'If it ain’t broke don’t fix it,' and they didn’t. They just broke it, seemingly on purpose.

Erik Piepenburg, New York Times - As sketched, thinly, by the returning writers Alan R. Cohen and Alan Freedland, Maya is a shapeless, cookie-cutter final girl -- apropos for this hapless finale, girl.

David Robb, Slant Magazine **1/4** \- It’s easy to imagine the nihilistic avenues that Chapter 3 could have gone down.

**SYNOPSIS:**

In the final film of The Strangers trilogy, Maya (Madelaine Petsch) faces the masked killers one last time in a brutal, full-circle reckoning of survival and revenge.

**CAST:**

* Madelaine Petsch as Maya
* Gabriel Basso as Gregory
* Ema Horvath as Shelly
* Richard Brake as Sheriff Rotter

**DIRECTED BY:** Renny Harlin

**SCREENPLAY BY:** Alan R. Cohen, Alan Freedland

**BASED ON CHARACTERS CREATED BY:** Bryan Bertino

**PRODUCED BY:** Courtney Solomon, Mark Canton, Christopher Milburn, Gary Raskin, Alastair Birlingham, Charlie Dombek

**EXECUTIVE PRODUCERS:** Rafaella Biscayn, Andrei Boncea, Dorothy Canton, Anders Erdén, Ken Halsband, Kia Jam, Roy Lee, Dennis L. Pelino, Blair Ward, Paul Weinberg

**DIRECTOR OF PHOTOGRAPHY:** José David Montero

**PRODUCTION DESIGNER:** Adrian Curelea, Alexis DeBad

**EDITED BY:** Michelle Harrison

**COSTUME DESIGNER:** Oana Draghici

**MUSIC BY:** Justin Burnett, Òscar Senén

**CASTING BY:** Alex Johnson, Sydney Shircliff, Mary Vernieu

**RUNTIME:** 91 Minutes

**RELEASE DATE:** February 6, 2026",44,56,1770349517.0,runway magazine film,full_trailer,2026-02-06,"'The Strangers: Chapter 3' Review Thread I will continue to update this post as reviews come in.

[**Rotten Tomatoes:**](https://www.rottentomatoes.com/m/the_strangers_chapter_3) Rotten

**Critics Consensus:** A dismal conclusion to a trilogy that had already exhausted *The Strangers*' appeal from the jump, this final chapter goes to show that familiarity can breed contempt.[](https://www.rottentomatoes.com/m/the_strangers_chapter_3/reviews)

|Critics|Score|**Number of Reviews**|Average Rating (Unofficial)|
|:-|:-|:-|:-|
|**All Critics**|18%|35|3.10/10|
|**Top Critics**|0%|7||

[**Metacritic:**](https://www.metacritic.com/movie/the-strangers-chapter-3/) 24 (8 Reviews)

**Sample Reviews:**

Brian Tallerico, [RogerEbert.com](http://RogerEbert.com) **1.5/4** \- By the end, I wasn’t rooting for the fictional Maya to survive the night as much as for the actress who plays her to move on to better material.

Mike McCahill, Guardian **2/5** \- The 2008 original will probably endure as a solid, sleepover-ready example of American ordeal cinema, but this final chapter, like its immediate predecessors, falls somewhere between footnote and outright detritus.

Dennis Harvey, Variety - It stretches material that wouldn’t overfill 90 minutes to 4.5 hours, arriving at no worthwhile destination and conveying scant excitement en route. It aims low… and still bunts.

Meagan Navarro, Bloody Disgusting **1.5/5** \- This misfire instead leaves you repeating the original film’s question, ""Why are you doing this to us?""

William Bibbiani, TheWrap - They say 'If it ain’t broke don’t fix it,' and they didn’t. They just broke it, seemingly on purpose.

Erik Piepenburg, New York Times - As sketched, thinly, by the returning writers Alan R. Cohen and Alan Freedland, Maya is a shapeless, cookie-cutter final girl -- apropos for this hapless finale, girl.

David Robb, Slant Magazine **1/4** \- It’s easy to imagine the nihilistic avenues that Chapter 3 could have gone down.

**SYNOPSIS:**

In the final film of The Strangers trilogy, Maya (Madelaine Petsch) faces the masked killers one last time in a brutal, full-circle reckoning of survival and revenge.

**CAST:**

* Madelaine Petsch as Maya
* Gabriel Basso as Gregory
* Ema Horvath as Shelly
* Richard Brake as Sheriff Rotter

**DIRECTED BY:** Renny Harlin

**SCREENPLAY BY:** Alan R. Cohen, Alan Freedland

**BASED ON CHARACTERS CREATED BY:** Bryan Bertino

**PRODUCED BY:** Courtney Solomon, Mark Canton, Christopher Milburn, Gary Raskin, Alastair Birlingham, Charlie Dombek

**EXECUTIVE PRODUCERS:** Rafaella Biscayn, Andrei Boncea, Dorothy Canton, Anders Erdén, Ken Halsband, Kia Jam, Roy Lee, Dennis L. Pelino, Blair Ward, Paul Weinberg

**DIRECTOR OF PHOTOGRAPHY:** José David Montero

**PRODUCTION DESIGNER:** Adrian Curelea, Alexis DeBad

**EDITED BY:** Michelle Harrison

**COSTUME DESIGNER:** Oana Draghici

**MUSIC BY:** Justin Burnett, Òscar Senén

**CASTING BY:** Alex Johnson, Sydney Shircliff, Mary Vernieu

**RUNTIME:** 91 Minutes

**RELEASE DATE:** February 6, 2026"
1qwvf5l,boxoffice,'Pillion' Review Thread,"I will continue to update this post as reviews come in.

[**Rotten Tomatoes:**](https://www.rottentomatoes.com/m/pillion) Certified Fresh

**Critics Consensus:** A remarkable directorial debut by Harry Lighton, *Pillion* is an unconventional romance that soars thanks to its nonjudgmental perspective and knockout performances.

|Critics|Score|**Number of Reviews**|Average Rating (Unofficial)|
|:-|:-|:-|:-|
|**All Critics**|100%|112|8.20/10|
|**Top Critics**|100%|41|8.60/10|

[**Metacritic:**](https://www.metacritic.com/movie/pillion/) 86 (32 Reviews)

**Sample Reviews:**

Peter Travers, The Travers Take **3.5/4** \- In this queer BDSM romdomcom with a core of sweetness, Alexander Sarsgård and Harry Melling bring passion and compassion to a taboo subject rare in mainstream cinema. It’s about time.

David Fear, Rolling Stone - You want screen representation of a highly specific queer lifestyle? You’ll get it. But Pillion never forgets there’s a deeper story happening underneath all the sex.

Zachary Barnes, Wall Street Journal - It could have been simply shocking, revving its engine in sexed-up style. Instead, as a vehicle for a pair of wonderful performances, “Pillion” purrs.

William Bibbiani, TheWrap - Kinky as hell and also extremely romantic. That’s not a combo a lot of movies go for nowadays, let alone pull off this beautifully, and that makes 'Pillion' something of a miracle.

Thelma Adams, AARP Movies for Grownups **5/5** \- With screenwriter/director Harry Lighton’s keen awareness of power dynamics within a couple, the script’s choice to celebrate rather than judge, and Skarsgård’s magnetic performance and Melling’s sensitive one, Pillion is a racy but compassionate romance.

Stephanie Zacharek, [CNN.com](http://CNN.com) \- Pillion is a movie about self-discovery; it’s also very funny.

Zachary Lee, [RogerEbert.com](http://RogerEbert.com) **4/4** \- It's quietly devastating ode to the power of that self-discovery, a reminder that perhaps one of life’s greatest tragedies is that we can’t always remain in a relationship with the people we learn the most valuable lessons from

Amy Nicholson, Los Angeles Times - Perhaps you’d like to be taken to dinner first, but ""Pillion"" is about Colin’s needs — specifically his need to please — and first-time feature filmmaker Harry Lighton challenges us to root for his bliss.

Jake Coyle, Associated Press **3/4** \- Lighton is more keen to enjoy the unfolding dynamics of a relationship in the extreme, one that ultimately, like any other, is guided by needs and wants. And the performances are uncanny.

Katie Rife, AV Club **B+** \- Pillion is a film about self-knowledge, and about asserting one’s needs and boundaries without shame.

Jeannette Catsoulis, New York Times - Walking a line as delicate as shattered silk, “Pillion” deftly navigates between salacious and sweet, raunchy and romantic.

Nick Schager, The Daily Beast - A steamy, sad, and amusing snapshot of desire and identity.

Katie Walsh, Tribune News Service **3/4** \- The edgy and explicit ""Pillion"" might be set within the parameters of a relationship that many would consider ""alternative,"" but the heart of it is the same as any love story that becomes a lesson in self-love.

Melissa Anderson, 4Columns - Pillion plays like a sub/dom rom-com, wearily plotted in such a way that callow Colin, by the end, knows exactly what he wants, filling in the “About Me” prompt in a dating app with nonnegotiable specifics.

Kristen Lopez, The Film Maven **A-** \- Pillion remains one of the best movies of the year, one that is funny as it is relatable, romantic as it is trying. Melling and Skarsgard have a fabulous chemistry together. This is another one I can't wait to experience again.

Justin Chang, The New Yorker - Skarsgård wrings so much effortless dom-com gold from Ray’s show of intransigence that it’s almost a shock to see the performance deepen; he makes the character’s emotional limitations remarkably expressive.

Donald Clarke, Irish Times **4/5** \- At the heart of Pillion, a very English class of reasonableness brushes against an equally English interest in hierarchical kink. Nothing wrong with that sort of thing, but doesn’t it play terrible havoc with the knees.

Anna Smith, Rolling Stone UK **4/5** \- It’s a heart-warming depiction of parenthood that strikes a similar tone to films such as Pride, where the older mining community embraced LGBTQ+ activists. And Colin’s journey is a joy to watch.

Mark Kermode, Kermode and Mayo's Take (YouTube) - One of its strengths is that it does make you feel uncomfortable.

Jonathan Romney, Financial Times **4/5** \- Streaked through as it is with melancholy, Pillion is ultimately upbeat — a feelgood film about the joys of being treated badly.

Beth Webb, Empire Magazine **5/5** \- An unconventional love story that finds pathos amid the PVC, this triumphant directorial debut bares so much more than flesh. Bruising and brilliant.

David Sexton, New Statesman - That is beautifully achieved in this accomplished debut -- pretty much the film Fifty Shades failed to be.

Wendy Ide, Observer (UK) - One of the great joys of this film is watching Melling’s endearingly wonky and wonderfully expressive features as he processes Ray’s demands. These are numerous and exacting.

Clarisse Loughrey, Independent (UK) **5/5** \- None of this would work if Melling and Skarsgård weren’t able to tune their performances to a subatomic degree.

Linda Marric, HeyUGuys **4/5** \- This funny, raw and surprisingly tender film once again proves that Harry Melling is the former Harry Potter cast member to watch.

John Bleasdale, Sight &amp; Sound - Despite the saltiness of its subject matter, Harry Lighton’s film – which is adapted from Adam Mars-Jones’ novel Box Hill – exists within the recognisable tradition of the feel-good English comedy.

Leonie Cooper, Time Out **5/5** \- Pillion is a wonderful film that’s heavy with purpose... All that and it’s also very, very hot.

India Block, London Evening Standard **5/5** \- It’s also a sublime piece of art. It’s outrageous that director Harry Lighton, 32, has made such an assured directorial debut.

Keith Uhlich, Slant Magazine **3/4** \- If there’s humor to be found in some of the particulars, it’s never to judge or to poke fun, but to revel in the very real delights of consensual sexual roleplay.

Tim Robey, Daily Telegraph (UK) **4/5** \- Melling’s high-wire skill at cycling between elation and sadness keeps the film resolutely grounded. It’s a triumphant risk to have taken, and very much the performance of his career to date.

Tomris Laffly, Elle - Lighton radiantly walks a delicate tonal line with feeling and humor within a subculture.

Esther Zuckerman, The Daily Beast - Pillion is often very funny without ever kinkshaming, thanks to the wry script, Skarsgård’s deadpan, and Melling’s guilelessness. And while there is heartbreak involved the film is also genuinely uplifting.

Alison Willmore, New York Magazine/Vulture - Pillion is more of a self-discovery journey than a sexual one — another story of someone slowly learning to articulate what it is they want.

Brian Tallerico, [RogerEbert.com](http://RogerEbert.com) \- There’s no sag in “Pillion,” a movie that takes risks in its telling of how two extremely different men find sexual satisfaction almost by virtue of how they fill out the roles they have come to inhabit in society.

Richard Lawson, Vanity Fair - A film that deftly balances squirmy comedy with gentle pathos, social suspense with offbeat warmth. Pillion gives little indication that Lighton is a first-time feature director.

Ryan Lattanzio, IndieWire **A-** \- Ultimately a deeply moving love story, one where we become the submissives to Lighton’s strange, beautiful, and sexy vision. It also never hurts to be anchored by two actors who are totally game and committed to that vision.

Peter Debruge, Variety - Laced with a wry sense of humor, “Pillion” manages to be both understated and explicit in the way Lighton presents practically everything that happens in Colin and Ray’s unconventional relationship.

Peter Bradshaw, Guardian **4/5** \- It’s basically what Fifty Shades of Grey should have been.

David Rooney, The Hollywood Reporter - This is a breakthrough role for Melling... Colin is like a fledgling bird, all crazy-eyed intensity and compulsive chatter. It’s a joy to watch him come into his own, figuring out exactly what he wants and how to get it.

Ed Potton, The Times (UK) **4/5** \- It’s knotty stuff for a first film but Lighton finds a delicate balance between disturbing, funny, sweet and sad.

Hannah Strong, Little White Lies **4/5** \- The boldness, nuance and humour with which Lighton navigates BDSM dynamics as well as Colin and Ray’s personal and joint complexities results in a film that’s frequently touching and surprising.

**SYNOPSIS:**

A timid man is swept off his feet when an enigmatic, impossibly handsome biker takes him on as his submissive.

**CAST:**

* Harry Melling as Colin
* Alexander Skarsgård as Ray

**DIRECTED BY:** Harry Lighton

**SCREENPLAY BY:** Harry Lighton

**BASED ON THE BOOK** ***BOX HILL*** **BY:** Adam Mars-Jones

**PRODUCED BY:** Emma Norton, Lee Groombridge, Ed Guiney, Andrew Lowe

**EXECUTIVE PRODUCERS:** Eva Yates, Louise Ortega, Christian Vesper, Alexander Skarsgård, Clare Binns, Pim Hermeling, Alison Thompson, Mark Gooder

**DIRECTOR OF PHOTOGRAPHY:** Nick Morris

**PRODUCTION DESIGNER:** Francesca Massariol

**EDITED BY:** Gareth C. Scales

**COSTUME DESIGNER:** Grace Snell

**HAIR AND MAKE-UP DESIGNER: Diandra Ferreira**

**MUSIC BY:** Oliver Coates

**SOUND DESIGNERS:** Gunnar Óskarsson, Christopher Wilson

**CASTING BY:** Kahleen Crawford

**RUNTIME:** 106 Minutes

**RELEASE DATE:** February 6, 2026 (Limited) / February 20, 2026 (Wide)",55,73,1770320731.0,runway magazine film,full_trailer,2026-02-05,"'Pillion' Review Thread I will continue to update this post as reviews come in.

[**Rotten Tomatoes:**](https://www.rottentomatoes.com/m/pillion) Certified Fresh

**Critics Consensus:** A remarkable directorial debut by Harry Lighton, *Pillion* is an unconventional romance that soars thanks to its nonjudgmental perspective and knockout performances.

|Critics|Score|**Number of Reviews**|Average Rating (Unofficial)|
|:-|:-|:-|:-|
|**All Critics**|100%|112|8.20/10|
|**Top Critics**|100%|41|8.60/10|

[**Metacritic:**](https://www.metacritic.com/movie/pillion/) 86 (32 Reviews)

**Sample Reviews:**

Peter Travers, The Travers Take **3.5/4** \- In this queer BDSM romdomcom with a core of sweetness, Alexander Sarsgård and Harry Melling bring passion and compassion to a taboo subject rare in mainstream cinema. It’s about time.

David Fear, Rolling Stone - You want screen representation of a highly specific queer lifestyle? You’ll get it. But Pillion never forgets there’s a deeper story happening underneath all the sex.

Zachary Barnes, Wall Street Journal - It could have been simply shocking, revving its engine in sexed-up style. Instead, as a vehicle for a pair of wonderful performances, “Pillion” purrs.

William Bibbiani, TheWrap - Kinky as hell and also extremely romantic. That’s not a combo a lot of movies go for nowadays, let alone pull off this beautifully, and that makes 'Pillion' something of a miracle.

Thelma Adams, AARP Movies for Grownups **5/5** \- With screenwriter/director Harry Lighton’s keen awareness of power dynamics within a couple, the script’s choice to celebrate rather than judge, and Skarsgård’s magnetic performance and Melling’s sensitive one, Pillion is a racy but compassionate romance.

Stephanie Zacharek, [CNN.com](http://CNN.com) \- Pillion is a movie about self-discovery; it’s also very funny.

Zachary Lee, [RogerEbert.com](http://RogerEbert.com) **4/4** \- It's quietly devastating ode to the power of that self-discovery, a reminder that perhaps one of life’s greatest tragedies is that we can’t always remain in a relationship with the people we learn the most valuable lessons from

Amy Nicholson, Los Angeles Times - Perhaps you’d like to be taken to dinner first, but ""Pillion"" is about Colin’s needs — specifically his need to please — and first-time feature filmmaker Harry Lighton challenges us to root for his bliss.

Jake Coyle, Associated Press **3/4** \- Lighton is more keen to enjoy the unfolding dynamics of a relationship in the extreme, one that ultimately, like any other, is guided by needs and wants. And the performances are uncanny.

Katie Rife, AV Club **B+** \- Pillion is a film about self-knowledge, and about asserting one’s needs and boundaries without shame.

Jeannette Catsoulis, New York Times - Walking a line as delicate as shattered silk, “Pillion” deftly navigates between salacious and sweet, raunchy and romantic.

Nick Schager, The Daily Beast - A steamy, sad, and amusing snapshot of desire and identity.

Katie Walsh, Tribune News Service **3/4** \- The edgy and explicit ""Pillion"" might be set within the parameters of a relationship that many would consider ""alternative,"" but the heart of it is the same as any love story that becomes a lesson in self-love.

Melissa Anderson, 4Columns - Pillion plays like a sub/dom rom-com, wearily plotted in such a way that callow Colin, by the end, knows exactly what he wants, filling in the “About Me” prompt in a dating app with nonnegotiable specifics.

Kristen Lopez, The Film Maven **A-** \- Pillion remains one of the best movies of the year, one that is funny as it is relatable, romantic as it is trying. Melling and Skarsgard have a fabulous chemistry together. This is another one I can't wait to experience again.

Justin Chang, The New Yorker - Skarsgård wrings so much effortless dom-com gold from Ray’s show of intransigence that it’s almost a shock to see the performance deepen; he makes the character’s emotional limitations remarkably expressive.

Donald Clarke, Irish Times **4/5** \- At the heart of Pillion, a very English class of reasonableness brushes against an equally English interest in hierarchical kink. Nothing wrong with that sort of thing, but doesn’t it play terrible havoc with the knees.

Anna Smith, Rolling Stone UK **4/5** \- It’s a heart-warming depiction of parenthood that strikes a similar tone to films such as Pride, where the older mining community embraced LGBTQ+ activists. And Colin’s journey is a joy to watch.

Mark Kermode, Kermode and Mayo's Take (YouTube) - One of its strengths is that it does make you feel uncomfortable.

Jonathan Romney, Financial Times **4/5** \- Streaked through as it is with melancholy, Pillion is ultimately upbeat — a feelgood film about the joys of being treated badly.

Beth Webb, Empire Magazine **5/5** \- An unconventional love story that finds pathos amid the PVC, this triumphant directorial debut bares so much more than flesh. Bruising and brilliant.

David Sexton, New Statesman - That is beautifully achieved in this accomplished debut -- pretty much the film Fifty Shades failed to be.

Wendy Ide, Observer (UK) - One of the great joys of this film is watching Melling’s endearingly wonky and wonderfully expressive features as he processes Ray’s demands. These are numerous and exacting.

Clarisse Loughrey, Independent (UK) **5/5** \- None of this would work if Melling and Skarsgård weren’t able to tune their performances to a subatomic degree.

Linda Marric, HeyUGuys **4/5** \- This funny, raw and surprisingly tender film once again proves that Harry Melling is the former Harry Potter cast member to watch.

John Bleasdale, Sight &amp; Sound - Despite the saltiness of its subject matter, Harry Lighton’s film – which is adapted from Adam Mars-Jones’ novel Box Hill – exists within the recognisable tradition of the feel-good English comedy.

Leonie Cooper, Time Out **5/5** \- Pillion is a wonderful film that’s heavy with purpose... All that and it’s also very, very hot.

India Block, London Evening Standard **5/5** \- It’s also a sublime piece of art. It’s outrageous that director Harry Lighton, 32, has made such an assured directorial debut.

Keith Uhlich, Slant Magazine **3/4** \- If there’s humor to be found in some of the particulars, it’s never to judge or to poke fun, but to revel in the very real delights of consensual sexual roleplay.

Tim Robey, Daily Telegraph (UK) **4/5** \- Melling’s high-wire skill at cycling between elation and sadness keeps the film resolutely grounded. It’s a triumphant risk to have taken, and very much the performance of his career to date.

Tomris Laffly, Elle - Lighton radiantly walks a delicate tonal line with feeling and humor within a subculture.

Esther Zuckerman, The Daily Beast - Pillion is often very funny without ever kinkshaming, thanks to the wry script, Skarsgård’s deadpan, and Melling’s guilelessness. And while there is heartbreak involved the film is also genuinely uplifting.

Alison Willmore, New York Magazine/Vulture - Pillion is more of a self-discovery journey than a sexual one — another story of someone slowly learning to articulate what it is they want.

Brian Tallerico, [RogerEbert.com](http://RogerEbert.com) \- There’s no sag in “Pillion,” a movie that takes risks in its telling of how two extremely different men find sexual satisfaction almost by virtue of how they fill out the roles they have come to inhabit in society.

Richard Lawson, Vanity Fair - A film that deftly balances squirmy comedy with gentle pathos, social suspense with offbeat warmth. Pillion gives little indication that Lighton is a first-time feature director.

Ryan Lattanzio, IndieWire **A-** \- Ultimately a deeply moving love story, one where we become the submissives to Lighton’s strange, beautiful, and sexy vision. It also never hurts to be anchored by two actors who are totally game and committed to that vision.

Peter Debruge, Variety - Laced with a wry sense of humor, “Pillion” manages to be both understated and explicit in the way Lighton presents practically everything that happens in Colin and Ray’s unconventional relationship.

Peter Bradshaw, Guardian **4/5** \- It’s basically what Fifty Shades of Grey should have been.

David Rooney, The Hollywood Reporter - This is a breakthrough role for Melling... Colin is like a fledgling bird, all crazy-eyed intensity and compulsive chatter. It’s a joy to watch him come into his own, figuring out exactly what he wants and how to get it.

Ed Potton, The Times (UK) **4/5** \- It’s knotty stuff for a first film but Lighton finds a delicate balance between disturbing, funny, sweet and sad.

Hannah Strong, Little White Lies **4/5** \- The boldness, nuance and humour with which Lighton navigates BDSM dynamics as well as Colin and Ray’s personal and joint complexities results in a film that’s frequently touching and surprising.

**SYNOPSIS:**

A timid man is swept off his feet when an enigmatic, impossibly handsome biker takes him on as his submissive.

**CAST:**

* Harry Melling as Colin
* Alexander Skarsgård as Ray

**DIRECTED BY:** Harry Lighton

**SCREENPLAY BY:** Harry Lighton

**BASED ON THE BOOK** ***BOX HILL*** **BY:** Adam Mars-Jones

**PRODUCED BY:** Emma Norton, Lee Groombridge, Ed Guiney, Andrew Lowe

**EXECUTIVE PRODUCERS:** Eva Yates, Louise Ortega, Christian Vesper, Alexander Skarsgård, Clare Binns, Pim Hermeling, Alison Thompson, Mark Gooder

**DIRECTOR OF PHOTOGRAPHY:** Nick Morris

**PRODUCTION DESIGNER:** Francesca Massariol

**EDITED BY:** Gareth C. Scales

**COSTUME DESIGNER:** Grace Snell

**HAIR AND MAKE-UP DESIGNER: Diandra Ferreira**

**MUSIC BY:** Oliver Coates

**SOUND DESIGNERS:** Gunnar Óskarsson, Christopher Wilson

**CASTING BY:** Kahleen Crawford

**RUNTIME:** 106 Minutes

**RELEASE DATE:** February 6, 2026 (Limited) / February 20, 2026 (Wide)"
1qpgzwe,boxoffice,'Shelter' Review Thread,"I will continue to update this post as reviews come in.

[**Rotten Tomatoes:**](https://www.rottentomatoes.com/m/shelter_2026) Fresh

**Critics Consensus:** Classing up an overdone premise with professional execution, *Shelter* is highly derivative of previous Jason Statham action vehicles but lean and mean enough to forgive the recycled tropes.

|Critics|Score|**Number of Reviews**|Average Rating (Unofficial)|
|:-|:-|:-|:-|
|**All Critics**|64%|84|5.70/10|
|**Top Critics**|64%|14|4.80/10|

[**Metacritic:**](https://www.metacritic.com/movie/shelter-2026/) 52 (20 Reviews)

**Sample Reviews:**

Simon Abrams, [RogerEbert.com](http://RogerEbert.com) **1/4** \- Nothing in 'Shelter' develops beyond the suggestion of an idea. Content collapsed.

Thelma Adams, AARP Movies for Grownups **3/5** \- It’s a tale at least as old as Liam Neeson, and while this tidy version doesn’t break new ground, it succeeds because the tension never cracks from brawling beginning to bitter end.

Travis M. Andrews, Washington Post **2.5/4** \- It resembles his other genre movies in the basic form and idea, but it’s a much more high-end and satisfying version.

William Bibbiani, TheWrap - Jason Statham knows how to Jason Statham, and as usual, he Jason Stathams Jason Stathamly.

Mark Kennedy, Associated Press **2/4** \- “Shelter” is everything you expect a Jason Statham movie to be, no more and no less. Now we just wait until the next one, when the gruff but amiable dog surfing instructor next door turns out to have a secret past.

Helen O'Hara, Empire Magazine **2/5** \- It’s another spin on the usual Statham actioner, solidly performed but with a ridiculous plot and – even by the standards of the genre – a predictable outcome. Less gimme shelter, more gimme a break.

Dennis Harvey, Variety - Shelter has energy, good pacing, and solid production values…even if neither style or content achieve the distinguishing personality that might make you remember this generically-titled entertainment a week later.

Glenn Kenny, New York Times - As a vehicle for Statham’s bone-breaking escapades, it’ll do.

Danny Leigh, Financial Times **3/5** \- Just as important for a wham-bam action movie, the aggro is well choreographed, and slightly mad.

Barry Hertz, Globe and Mail - The details of even that threadbare Jason Bourne-again plot are both lazy and absurd, but we don't come to these kinds of movies for the narrative. And yet director Ric Roman Waugh simply cannot deliver the goods.

Frank Scheck, The Hollywood Reporter - Shelter reliably provides plenty of the action that Statham fans crave, not to mention his trademark charisma and low-key underplaying that makes Charles Bronson look overly demonstrative.

Jacob Oller, AV Club **C+** \- Schlocky yet tangible, Shelter is Waugh’s bargain-bin take on a Bourne-style supersoldier, thrust back into a life he left behind.

David Jenkins, Little White Lies **1/5** \- Statham’s impressive physicality does little to add much juice to a film that expends much of its energy cleaving tightly to tired formula, with a script that is almost wall-to-wall cliché.

Linda Marric, HeyUGuys **3/5** \- If you’re a Statham devotee looking for your next action fix, Shelter delivers exactly what you’re signed up for. Just don’t go in expecting it to reinvent the wheel

**SYNOPSIS:**

On a remote coastal island, a reclusive man (Jason Statham) rescues a young girl (Bodhi Rae Breathnach) from a deadly storm, drawing them both into danger. Forced out of isolation, he must confront his turbulent past while protecting her, sending them on a tense journey of survival and redemption.

**CAST:**

* Jason Statham as Michael Mason
* Bill Nighy as Steven Manafort
* Naomi Ackie as Roberta Frost
* Daniel Mays as Arthur Booth
* Bodhi Rae Breathnach as Jessie

**DIRECTED BY:** Ric Roman Waugh

**SCREENPLAY BY:** Ward Parry

**PRODUCED BY:** Jason Statham, John Friedberg, Brendon Boyea, Jon Berg, Greg Silverman

**EXECUTIVE PRODUCERS:** Volodymyr Artemenko, Elizabeth A. Bell, Kenner Bolt, Rachael Cole, Andrew Golov, Victor Hadida, Michael Heimler, Macdara Kelleher, Teddy Schwarzman, Mike Shanks, Yevgen Stupka, Ric Roman Waugh, Gideon Yu

**DIRECTOR OF PHOTOGRAPHY:** Martin Ahlgren

**PRODUCTION DESIGNER:** Tim Blake

**EDITED BY:** Matthew Newman

**COSTUME DESIGNER:** Suzie Harman

**MUSIC BY:** David Buckley

**CASTING BY:** Dixie Chassay, Verity Naughton

**RUNTIME:** 107 Minutes

**RELEASE DATE:** January 30, 2026",62,55,1769619618.0,runway magazine film,full_trailer,2026-01-28,"'Shelter' Review Thread I will continue to update this post as reviews come in.

[**Rotten Tomatoes:**](https://www.rottentomatoes.com/m/shelter_2026) Fresh

**Critics Consensus:** Classing up an overdone premise with professional execution, *Shelter* is highly derivative of previous Jason Statham action vehicles but lean and mean enough to forgive the recycled tropes.

|Critics|Score|**Number of Reviews**|Average Rating (Unofficial)|
|:-|:-|:-|:-|
|**All Critics**|64%|84|5.70/10|
|**Top Critics**|64%|14|4.80/10|

[**Metacritic:**](https://www.metacritic.com/movie/shelter-2026/) 52 (20 Reviews)

**Sample Reviews:**

Simon Abrams, [RogerEbert.com](http://RogerEbert.com) **1/4** \- Nothing in 'Shelter' develops beyond the suggestion of an idea. Content collapsed.

Thelma Adams, AARP Movies for Grownups **3/5** \- It’s a tale at least as old as Liam Neeson, and while this tidy version doesn’t break new ground, it succeeds because the tension never cracks from brawling beginning to bitter end.

Travis M. Andrews, Washington Post **2.5/4** \- It resembles his other genre movies in the basic form and idea, but it’s a much more high-end and satisfying version.

William Bibbiani, TheWrap - Jason Statham knows how to Jason Statham, and as usual, he Jason Stathams Jason Stathamly.

Mark Kennedy, Associated Press **2/4** \- “Shelter” is everything you expect a Jason Statham movie to be, no more and no less. Now we just wait until the next one, when the gruff but amiable dog surfing instructor next door turns out to have a secret past.

Helen O'Hara, Empire Magazine **2/5** \- It’s another spin on the usual Statham actioner, solidly performed but with a ridiculous plot and – even by the standards of the genre – a predictable outcome. Less gimme shelter, more gimme a break.

Dennis Harvey, Variety - Shelter has energy, good pacing, and solid production values…even if neither style or content achieve the distinguishing personality that might make you remember this generically-titled entertainment a week later.

Glenn Kenny, New York Times - As a vehicle for Statham’s bone-breaking escapades, it’ll do.

Danny Leigh, Financial Times **3/5** \- Just as important for a wham-bam action movie, the aggro is well choreographed, and slightly mad.

Barry Hertz, Globe and Mail - The details of even that threadbare Jason Bourne-again plot are both lazy and absurd, but we don't come to these kinds of movies for the narrative. And yet director Ric Roman Waugh simply cannot deliver the goods.

Frank Scheck, The Hollywood Reporter - Shelter reliably provides plenty of the action that Statham fans crave, not to mention his trademark charisma and low-key underplaying that makes Charles Bronson look overly demonstrative.

Jacob Oller, AV Club **C+** \- Schlocky yet tangible, Shelter is Waugh’s bargain-bin take on a Bourne-style supersoldier, thrust back into a life he left behind.

David Jenkins, Little White Lies **1/5** \- Statham’s impressive physicality does little to add much juice to a film that expends much of its energy cleaving tightly to tired formula, with a script that is almost wall-to-wall cliché.

Linda Marric, HeyUGuys **3/5** \- If you’re a Statham devotee looking for your next action fix, Shelter delivers exactly what you’re signed up for. Just don’t go in expecting it to reinvent the wheel

**SYNOPSIS:**

On a remote coastal island, a reclusive man (Jason Statham) rescues a young girl (Bodhi Rae Breathnach) from a deadly storm, drawing them both into danger. Forced out of isolation, he must confront his turbulent past while protecting her, sending them on a tense journey of survival and redemption.

**CAST:**

* Jason Statham as Michael Mason
* Bill Nighy as Steven Manafort
* Naomi Ackie as Roberta Frost
* Daniel Mays as Arthur Booth
* Bodhi Rae Breathnach as Jessie

**DIRECTED BY:** Ric Roman Waugh

**SCREENPLAY BY:** Ward Parry

**PRODUCED BY:** Jason Statham, John Friedberg, Brendon Boyea, Jon Berg, Greg Silverman

**EXECUTIVE PRODUCERS:** Volodymyr Artemenko, Elizabeth A. Bell, Kenner Bolt, Rachael Cole, Andrew Golov, Victor Hadida, Michael Heimler, Macdara Kelleher, Teddy Schwarzman, Mike Shanks, Yevgen Stupka, Ric Roman Waugh, Gideon Yu

**DIRECTOR OF PHOTOGRAPHY:** Martin Ahlgren

**PRODUCTION DESIGNER:** Tim Blake

**EDITED BY:** Matthew Newman

**COSTUME DESIGNER:** Suzie Harman

**MUSIC BY:** David Buckley

**CASTING BY:** Dixie Chassay, Verity Naughton

**RUNTIME:** 107 Minutes

**RELEASE DATE:** January 30, 2026"
1qohd2h,boxoffice,'The Moment' Review Thread,"I will continue to update this post as reviews come in.

[**Rotten Tomatoes:**](https://www.rottentomatoes.com/m/the_moment_2026) Fresh

**Critics Consensus:** Satirizing Brat Summer and the pitfalls of pop stardom, *The Moment* is a mockumentary that could've used sharper barbs, but Charli XCX acquits herself well as a presence that can bind even an unwieldy movie together.

|Critics|Score|**Number of Reviews**|Average Rating (Unofficial)|
|:-|:-|:-|:-|
|**All Critics**|60%|50|5.80/10|
|**Top Critics**|53%|17|5.40/10|

[**Metacritic:**](https://www.metacritic.com/movie/the-moment-2026/) 53 (20 Reviews)

**Sample Reviews:**

Kristy Puchko, Mashable - Through celebrity cameos, a succinct yet riveting story, earnest emotion, and biting humor, Charli XCX's mockumentary captures something real about the battle of art versus commerce.

Jesse Hassenger, AV Club **C+** \- It all contributes to the impression that Charli herself may be growing sick of her brat era, which she ultimately bids goodbye with considerable cheek.

Amy Nicholson, Los Angeles Times - The Charli XCX mockumentary ""The Moment"" is a satire that feels like a snuff film.

Peter Travers, The Travers Take **2/4** \- Props to Charli xcx for grabbing her brat moment at Sundance. The dance-pop princess shows real acting potential, even though this misbegotten mockumentary gives her few chances to show her range.

Nicolas Rapold, Sight &amp; Sound - By the time the plot contrives a disastrous Brat-themed bank card promotion, its pretensions to either clever comedy or artistic reflection are lost in the lights.

Manohla Dargis, New York Times - Whoever the character Charli is, the onscreen woman has real comic timing and an expressive, attention-grabbing face.

Katie Walsh, Tribune News Service **3/4** \- XCX and Zamiri peel back the layers of tattered tanks and artfully blasé cool to reveal the woman behind the wraparound shades, and expose the work that goes into the ""365 party girl.""

Kristen Lopez, The Film Maven **C-** \- Though worthy in its attempts to modernize the rock mockumentary, there's no real humor or depth to the material, and what meaning is there has been done better before. Just listen to brat again.

Bilge Ebiri, New York Magazine/Vulture - The point of a behind-the-scenes rock doc is that we’re getting something that feels like a true portrait of the artist. The Moment thinks it can have the best of both worlds, but it gives us neither.

Taylor Williams, Slant Magazine **2/4** \- Farce and sincerity make more odd bedfellows across Aidan Zamiri’s meta mockumentary about Brat Summer.

Monica Castillo, [RogerEbert.com](http://RogerEbert.com) **2.5/4** \- 'The Moment' is something different, a big swing into the mockumentary genre satirizing the pressures of pop stardom and the struggle for creative control.

Johnny Oleksinski, New York Post **2/4** \- If you like Charli xcx’s songs and find her to be a unique and uncompromising presence... you’ll appreciate moments of “The Moment.” But that’s it. This is not a fully formed movie. At best, it’s a moderately intriguing pitch.

Adrian Horton, Guardian **3/5** \- In other words, smart concepts, talented people, solid blueprint. But there is too little risk to rise above its sharp-eyed construction.

Chase Hutchinson, TheWrap - It’s honest about the deception that is inherent to celebrity, confronting us with one compromise after another, building to a pitch-perfect finale needle-drop over a captivating monologue that elevates the comedy into a work of grand, messy ambition.

Richard Lawson, The Hollywood Reporter - At the end of the movie, it’s all too easy to shrug one’s shoulders and dismiss it with a resigned, “Guess you had to be there.”

Owen Gleiberman, Variety - I’m sorry, but this is not how an effective mockumentary works. I actually think “The Moment” should have pushed further into crackpot satirical extremes.

Nick Schager, The Daily Beast - May have things to say, but doesn’t have a clue how to say them.

**SYNOPSIS:**

A rising pop star navigates the complexities of fame and industry pressure while preparing for her arena tour debut.

**CAST:**

* Charli XCX as Herself
* Rosanna Arquette as Tammy Pitman
* Kate Berlant as Molly Jean Bush
* Jamie Demetriou as Tim Potts
* Arielle Dombasle as Maria
* Hailey Benton Gates as Celeste Moreau Collins
* Kylie Jenner as Herself
* Trew Mullen as Ana
* Mel Ottenberg as Himself
* Isaac Powell as Lloyd Randall
* Rachel Sennott as Herself
* Rish Shah as Jamie Singh
* Alexander Skarsgård as Johannes Godwin
* Michael Workéyè as Josh

**DIRECTED BY:** Aidan Zamiri

**SCREENPLAY BY:** Aidan Zamiri, Bertie Brandes

**BASED ON AN ORIGINAL IDEA BY:** Charli XCX

**PRODUCED BY:** Charli XCX, David Hinojosa

**EXECUTIVE PRODUCERS:** Zach Nutman, Brandon Creed, Mikey Schwartz-Wright, Johann Knobel

**DIRECTOR OF PHOTOGRAPHY:** Sean Price Williams

**PRODUCTION DESIGNER:** Francesca Di Mottola

**EDITED BY:** Bill Sneddon, Neal Farmer

**COSTUME DESIGNER:** Taylor McNeill

**MUSIC BY:** A. G. Cook

**CASTING BY:** Jennifer Venditti

**RUNTIME:** 103 Minutes

**RELEASE DATE:** January 30, 2026 (Limited)",134,75,1769528666.0,runway magazine film,full_trailer,2026-01-27,"'The Moment' Review Thread I will continue to update this post as reviews come in.

[**Rotten Tomatoes:**](https://www.rottentomatoes.com/m/the_moment_2026) Fresh

**Critics Consensus:** Satirizing Brat Summer and the pitfalls of pop stardom, *The Moment* is a mockumentary that could've used sharper barbs, but Charli XCX acquits herself well as a presence that can bind even an unwieldy movie together.

|Critics|Score|**Number of Reviews**|Average Rating (Unofficial)|
|:-|:-|:-|:-|
|**All Critics**|60%|50|5.80/10|
|**Top Critics**|53%|17|5.40/10|

[**Metacritic:**](https://www.metacritic.com/movie/the-moment-2026/) 53 (20 Reviews)

**Sample Reviews:**

Kristy Puchko, Mashable - Through celebrity cameos, a succinct yet riveting story, earnest emotion, and biting humor, Charli XCX's mockumentary captures something real about the battle of art versus commerce.

Jesse Hassenger, AV Club **C+** \- It all contributes to the impression that Charli herself may be growing sick of her brat era, which she ultimately bids goodbye with considerable cheek.

Amy Nicholson, Los Angeles Times - The Charli XCX mockumentary ""The Moment"" is a satire that feels like a snuff film.

Peter Travers, The Travers Take **2/4** \- Props to Charli xcx for grabbing her brat moment at Sundance. The dance-pop princess shows real acting potential, even though this misbegotten mockumentary gives her few chances to show her range.

Nicolas Rapold, Sight &amp; Sound - By the time the plot contrives a disastrous Brat-themed bank card promotion, its pretensions to either clever comedy or artistic reflection are lost in the lights.

Manohla Dargis, New York Times - Whoever the character Charli is, the onscreen woman has real comic timing and an expressive, attention-grabbing face.

Katie Walsh, Tribune News Service **3/4** \- XCX and Zamiri peel back the layers of tattered tanks and artfully blasé cool to reveal the woman behind the wraparound shades, and expose the work that goes into the ""365 party girl.""

Kristen Lopez, The Film Maven **C-** \- Though worthy in its attempts to modernize the rock mockumentary, there's no real humor or depth to the material, and what meaning is there has been done better before. Just listen to brat again.

Bilge Ebiri, New York Magazine/Vulture - The point of a behind-the-scenes rock doc is that we’re getting something that feels like a true portrait of the artist. The Moment thinks it can have the best of both worlds, but it gives us neither.

Taylor Williams, Slant Magazine **2/4** \- Farce and sincerity make more odd bedfellows across Aidan Zamiri’s meta mockumentary about Brat Summer.

Monica Castillo, [RogerEbert.com](http://RogerEbert.com) **2.5/4** \- 'The Moment' is something different, a big swing into the mockumentary genre satirizing the pressures of pop stardom and the struggle for creative control.

Johnny Oleksinski, New York Post **2/4** \- If you like Charli xcx’s songs and find her to be a unique and uncompromising presence... you’ll appreciate moments of “The Moment.” But that’s it. This is not a fully formed movie. At best, it’s a moderately intriguing pitch.

Adrian Horton, Guardian **3/5** \- In other words, smart concepts, talented people, solid blueprint. But there is too little risk to rise above its sharp-eyed construction.

Chase Hutchinson, TheWrap - It’s honest about the deception that is inherent to celebrity, confronting us with one compromise after another, building to a pitch-perfect finale needle-drop over a captivating monologue that elevates the comedy into a work of grand, messy ambition.

Richard Lawson, The Hollywood Reporter - At the end of the movie, it’s all too easy to shrug one’s shoulders and dismiss it with a resigned, “Guess you had to be there.”

Owen Gleiberman, Variety - I’m sorry, but this is not how an effective mockumentary works. I actually think “The Moment” should have pushed further into crackpot satirical extremes.

Nick Schager, The Daily Beast - May have things to say, but doesn’t have a clue how to say them.

**SYNOPSIS:**

A rising pop star navigates the complexities of fame and industry pressure while preparing for her arena tour debut.

**CAST:**

* Charli XCX as Herself
* Rosanna Arquette as Tammy Pitman
* Kate Berlant as Molly Jean Bush
* Jamie Demetriou as Tim Potts
* Arielle Dombasle as Maria
* Hailey Benton Gates as Celeste Moreau Collins
* Kylie Jenner as Herself
* Trew Mullen as Ana
* Mel Ottenberg as Himself
* Isaac Powell as Lloyd Randall
* Rachel Sennott as Herself
* Rish Shah as Jamie Singh
* Alexander Skarsgård as Johannes Godwin
* Michael Workéyè as Josh

**DIRECTED BY:** Aidan Zamiri

**SCREENPLAY BY:** Aidan Zamiri, Bertie Brandes

**BASED ON AN ORIGINAL IDEA BY:** Charli XCX

**PRODUCED BY:** Charli XCX, David Hinojosa

**EXECUTIVE PRODUCERS:** Zach Nutman, Brandon Creed, Mikey Schwartz-Wright, Johann Knobel

**DIRECTOR OF PHOTOGRAPHY:** Sean Price Williams

**PRODUCTION DESIGNER:** Francesca Di Mottola

**EDITED BY:** Bill Sneddon, Neal Farmer

**COSTUME DESIGNER:** Taylor McNeill

**MUSIC BY:** A. G. Cook

**CASTING BY:** Jennifer Venditti

**RUNTIME:** 103 Minutes

**RELEASE DATE:** January 30, 2026 (Limited)"
1qnlq2j,boxoffice,'Send Help' Review Thread,"I will continue to update this post as reviews come in.

[**Rotten Tomatoes:**](https://www.rottentomatoes.com/m/send_help) Certified Fresh

**Critics Consensus:** Putting director Sam Raimi's penchant for diabolical mayhem to great use, *Send Help* doesn't need any assistance in thrills thanks to a very game Rachel McAdams and Dylan O'Brien along with a viciously clever script.

|Critics|Score|**Number of Reviews**|Average Rating (Unofficial)|
|:-|:-|:-|:-|
|**All Critics**|93%|180|7.40/10|
|**Top Critics**|91%|32|7.40/10|

[**Metacritic:**](https://www.metacritic.com/movie/send-help/) 76 (34 Reviews)

**Sample Reviews:**

Radheyan Simonpillai, CBC Radio - You're watching creative kismet. Raimi gets the most out of McAdams' performance. He knows how to frame her and how to make her feel fabulous while splashing buckets of blood at her. The two of them take this so far.

Kristy Puchko, Mashable - Send Help is a gross and glorious good time.

Jesse Hassenger, AV Club **B** \- Raimi and the screenwriters instead keep the audience off-balance by getting playfully coy about who or what we should be rooting for in this situation.

Adam Nayman, Toronto Star **3/4** \- “Send Help” isn’t realistic, but its pleasures as a B movie made by an A-plus entertainer are authentic nevertheless.

Peter Travers, The Travers Take **3/4** \- Looking for fun and a chance to scream, send for this hella horror comedy in which Rachel McAdams crash lands on a desert island with her bullying boss (Dylan O’Brien) and decides to even the odds. Despite a divisive ending, I smell a hit.

Richard Roeper, [RogerEbert.com](http://RogerEbert.com) **3.5/4** \- McAdams gives what just might be the best performance of her career in Sam Raimi’s fantastically gory, darkly funny, and twist-filled film.

Alison Willmore, New York Magazine/Vulture - Raimi indulges Send Help’s gore and gross-out moments with the zest of someone returning to his cult-favorite roots.

Keith Uhlich, (All (Parentheses)) (Substack) - As evinced by a fakeout moment of gory emasculation that should really have gone full castrato, Send Help too often pulls its punches, testicular and otherwise.

Nick Schager, The Daily Beast - A joyous return to form for the Evil Dead auteur, whose no-holds-barred verve is equaled by that of Rachel McAdams.

Katie Walsh, Tribune News Service **3/4** \- A gonzo survivalist riff that works as well as it does because it features two incredibly game actors that surf the waves of Raimi’s tonal madness with a blend of absolute glee and carefully honed skill.

Meagan Navarro, Bloody Disgusting **3.5/5** \- One can practically picture the amused filmmaker guffawing behind the camera in pure amusement as leads Rachel McAdams and Dylan O’Brien receive a few blood or vomit canons to the face in this deliciously fun survival thriller.

Michael Phillips, San Francisco Chronicle **3/4** \- At its simplest, we have here a performance showcase for O’Brien’s artfully restrained sniveling and, especially, for McAdams’ miraculous shape-shifting abilities.

Sonia Rao, Washington Post **3/4** \- McAdams again proves she has real comedic chops that this island, and Raimi’s direction, have only sharpened.

Rafer Guzman, Newsday **3/4** \- Rich irony and bloody humor make Sam Raimi’s horror-comedy a deliciously nasty treat.

Jeannette, Catsoulis New York Times - From its cheeky score by the director’s frequent collaborator Danny Elfman, to its darkly humorous tone and playfully yucky special effects, the movie is Raimi at his most gleeful and twisted.

Jake Howell, Globe and Mail - Why not crash with McAdams and O’Brien for some juicy table-turning power dynamics? Those who do will enjoy Raimi’s confident-as-ever direction, as the comic-horror maestro behind Drag Me to Hell brings to theatres another ideal date-night movie.

Keith Phipps, The Reveal **4/5** \- Their power struggle sometimes plays like a popcorn variation on Lena Wertmüller’s Swept Away \[and\] at other moments like an emotionally fraught, sexually charged variation on a Bugs Bunny vs. Elmer Fudd tussle.

Moira MacDonald, Seattle Times **3/4** \- Ultimately “Send Help” is a fascinating study of what happens when a power dynamic suddenly shifts — and when a skilled and charismatic actor is given space to try something entirely new.

Sandra Hall, Sydney Morning Herald **3.5/5** \- \[Sam Raimi\] treats us a crafty mix of blood, gore and gallows humour featuring two actors inviting us to share in the great time they’re having.

Richard Whittaker, Austin Chronicle **2.5/5** \- All so very much what one could expect from Raimi when he doesn’t have a strong studio hand keeping him in check. If you like his signature raisin soup, Send Help will be a gut buster. But it really seems like this latest batch has started to curdle.

Helen O'Hara, Empire Magazine **4/5** \- Gnarly, gross and delightfully unconventional, this is exactly the kind of Sam Raimi film his fans have been waiting for, carried by a committed, no-holds-barred Rachel McAdams performance.

Eli Friedberg, Slant Magazine **3/4** \- This is an immensely effective tropical island-set chamber drama in which two characters see their gender and labor relations start to reverse in ways that eventually reveal surprising ambiguities.

Alonso Duralde, The Film Verdict - Continually toys with audience expectation; viewers might initially sympathize with poor Linda’s plight while finding Bradley to be an irredeemable corporate monster, but those initial impressions don’t necessarily last.

Linda Marric, HeyUGuys **4/5** \- A gripping, often brutal exploration of power, control, and inequality. Even when its thematic ambitions falter, its pacing, performances and relentless tension ensure it remains a deeply unsettling offering from Raimi.

Odie Henderson, Boston Globe **3/4** \- You can probably figure out where the movie is headed, but that doesn’t make the journey any less fun. The bloody battle between Linda and a wild boar provides the first big thrills of 2026.

Clarisse Loughrey, Independent (UK) **4/5** \- Send Help becomes the best of both worlds: indulgent Raimi splatter fuelled by a satisfying touch of righteous rage.

Alison Foreman, IndieWire **A-** \- Wickedly lovable with the potential to be timeless, “Send Help” is controlled delirium microwaved on high heat. At 66, Raimi reminds us who he was when he made horror-comedy history with “Evil Dead II,” and more importantly, why his voice still matters.

Peter Bradshaw, Guardian **2/5** \- It’s a time-honoured and perfectly enjoyable setup, and the first act, when the new reality dawns on clueless Bradley, is watchable. But the plot twists are derivative and the action then becomes dependent on weird stabs of grisliness.

Peter Debruge, Variety - What’s so much fun about “Send Help,” beyond its twisted B-movie premise and refreshing disinterest in anything more highfalutin than handing Linda a chance to turn the tables, is how unpredictable it manages to be.

Frank Scheck, The Hollywood Reporter - Sam Raimi’s darkly comic horror-thriller starring Rachel McAdams and Dylan O’Brien boasts an audacious concept that is superbly realized by Raimi’s filmmaking, which milks every bizarre situation for all it’s worth.

Kristen Lopez, The Film Maven **B+** \- Hilariously gory, spooky and suspenseful, this is a soon-to-be Halloween classic that continues to make us ask, ""Why the hell is Rachel McAdams not a huge star?""

Matt Singer, ScreenCrush **8/10** \- A vintage Sam Raimi horror comedy.

**SYNOPSIS:**

""Send Help"" is a survival horror thriller about two colleagues who become stranded on a deserted island, the only survivors of a plane crash. On the island, they must overcome past grievances and work together to survive, but ultimately, it’s a battle of wills and wits to make it out alive.

**CAST:**

* Rachel McAdams as Linda Liddle
* Dylan O'Brien as Bradley Preston
* Edyll Ismail as Zuri
* Dennis Haysbert as Franklin
* Xavier Samuel as Donovan
* Chris Pang as Chase
* Thaneth Warakulnukroh as Boat Captain
* Emma Raimi as River

**DIRECTED BY:** Sam Raimi

**SCREENPLAY BY:** Damian Shannon, Mark Swift

**PRODUCED BY:** Sam Raimi, Zainab Azizi

**EXECUTIVE PRODUCER:** Jonathan Hook

**DIRECTOR OF PHOTOGRAPHY:** Bill Pope

**PRODUCTION DESIGNER:** Ian Gracie

**EDITED BY:** Bob Murawski

**COSTUME DESIGNER:** Anna Cahill

**MUSIC BY:** Danny Elfman

**CASTING BY:** Danny Long, Nancy Nayor

**RUNTIME:** 113 Minutes

**RELEASE DATE:** January 30, 2026",366,184,1769446797.0,runway magazine film,full_trailer,2026-01-26,"'Send Help' Review Thread I will continue to update this post as reviews come in.

[**Rotten Tomatoes:**](https://www.rottentomatoes.com/m/send_help) Certified Fresh

**Critics Consensus:** Putting director Sam Raimi's penchant for diabolical mayhem to great use, *Send Help* doesn't need any assistance in thrills thanks to a very game Rachel McAdams and Dylan O'Brien along with a viciously clever script.

|Critics|Score|**Number of Reviews**|Average Rating (Unofficial)|
|:-|:-|:-|:-|
|**All Critics**|93%|180|7.40/10|
|**Top Critics**|91%|32|7.40/10|

[**Metacritic:**](https://www.metacritic.com/movie/send-help/) 76 (34 Reviews)

**Sample Reviews:**

Radheyan Simonpillai, CBC Radio - You're watching creative kismet. Raimi gets the most out of McAdams' performance. He knows how to frame her and how to make her feel fabulous while splashing buckets of blood at her. The two of them take this so far.

Kristy Puchko, Mashable - Send Help is a gross and glorious good time.

Jesse Hassenger, AV Club **B** \- Raimi and the screenwriters instead keep the audience off-balance by getting playfully coy about who or what we should be rooting for in this situation.

Adam Nayman, Toronto Star **3/4** \- “Send Help” isn’t realistic, but its pleasures as a B movie made by an A-plus entertainer are authentic nevertheless.

Peter Travers, The Travers Take **3/4** \- Looking for fun and a chance to scream, send for this hella horror comedy in which Rachel McAdams crash lands on a desert island with her bullying boss (Dylan O’Brien) and decides to even the odds. Despite a divisive ending, I smell a hit.

Richard Roeper, [RogerEbert.com](http://RogerEbert.com) **3.5/4** \- McAdams gives what just might be the best performance of her career in Sam Raimi’s fantastically gory, darkly funny, and twist-filled film.

Alison Willmore, New York Magazine/Vulture - Raimi indulges Send Help’s gore and gross-out moments with the zest of someone returning to his cult-favorite roots.

Keith Uhlich, (All (Parentheses)) (Substack) - As evinced by a fakeout moment of gory emasculation that should really have gone full castrato, Send Help too often pulls its punches, testicular and otherwise.

Nick Schager, The Daily Beast - A joyous return to form for the Evil Dead auteur, whose no-holds-barred verve is equaled by that of Rachel McAdams.

Katie Walsh, Tribune News Service **3/4** \- A gonzo survivalist riff that works as well as it does because it features two incredibly game actors that surf the waves of Raimi’s tonal madness with a blend of absolute glee and carefully honed skill.

Meagan Navarro, Bloody Disgusting **3.5/5** \- One can practically picture the amused filmmaker guffawing behind the camera in pure amusement as leads Rachel McAdams and Dylan O’Brien receive a few blood or vomit canons to the face in this deliciously fun survival thriller.

Michael Phillips, San Francisco Chronicle **3/4** \- At its simplest, we have here a performance showcase for O’Brien’s artfully restrained sniveling and, especially, for McAdams’ miraculous shape-shifting abilities.

Sonia Rao, Washington Post **3/4** \- McAdams again proves she has real comedic chops that this island, and Raimi’s direction, have only sharpened.

Rafer Guzman, Newsday **3/4** \- Rich irony and bloody humor make Sam Raimi’s horror-comedy a deliciously nasty treat.

Jeannette, Catsoulis New York Times - From its cheeky score by the director’s frequent collaborator Danny Elfman, to its darkly humorous tone and playfully yucky special effects, the movie is Raimi at his most gleeful and twisted.

Jake Howell, Globe and Mail - Why not crash with McAdams and O’Brien for some juicy table-turning power dynamics? Those who do will enjoy Raimi’s confident-as-ever direction, as the comic-horror maestro behind Drag Me to Hell brings to theatres another ideal date-night movie.

Keith Phipps, The Reveal **4/5** \- Their power struggle sometimes plays like a popcorn variation on Lena Wertmüller’s Swept Away \[and\] at other moments like an emotionally fraught, sexually charged variation on a Bugs Bunny vs. Elmer Fudd tussle.

Moira MacDonald, Seattle Times **3/4** \- Ultimately “Send Help” is a fascinating study of what happens when a power dynamic suddenly shifts — and when a skilled and charismatic actor is given space to try something entirely new.

Sandra Hall, Sydney Morning Herald **3.5/5** \- \[Sam Raimi\] treats us a crafty mix of blood, gore and gallows humour featuring two actors inviting us to share in the great time they’re having.

Richard Whittaker, Austin Chronicle **2.5/5** \- All so very much what one could expect from Raimi when he doesn’t have a strong studio hand keeping him in check. If you like his signature raisin soup, Send Help will be a gut buster. But it really seems like this latest batch has started to curdle.

Helen O'Hara, Empire Magazine **4/5** \- Gnarly, gross and delightfully unconventional, this is exactly the kind of Sam Raimi film his fans have been waiting for, carried by a committed, no-holds-barred Rachel McAdams performance.

Eli Friedberg, Slant Magazine **3/4** \- This is an immensely effective tropical island-set chamber drama in which two characters see their gender and labor relations start to reverse in ways that eventually reveal surprising ambiguities.

Alonso Duralde, The Film Verdict - Continually toys with audience expectation; viewers might initially sympathize with poor Linda’s plight while finding Bradley to be an irredeemable corporate monster, but those initial impressions don’t necessarily last.

Linda Marric, HeyUGuys **4/5** \- A gripping, often brutal exploration of power, control, and inequality. Even when its thematic ambitions falter, its pacing, performances and relentless tension ensure it remains a deeply unsettling offering from Raimi.

Odie Henderson, Boston Globe **3/4** \- You can probably figure out where the movie is headed, but that doesn’t make the journey any less fun. The bloody battle between Linda and a wild boar provides the first big thrills of 2026.

Clarisse Loughrey, Independent (UK) **4/5** \- Send Help becomes the best of both worlds: indulgent Raimi splatter fuelled by a satisfying touch of righteous rage.

Alison Foreman, IndieWire **A-** \- Wickedly lovable with the potential to be timeless, “Send Help” is controlled delirium microwaved on high heat. At 66, Raimi reminds us who he was when he made horror-comedy history with “Evil Dead II,” and more importantly, why his voice still matters.

Peter Bradshaw, Guardian **2/5** \- It’s a time-honoured and perfectly enjoyable setup, and the first act, when the new reality dawns on clueless Bradley, is watchable. But the plot twists are derivative and the action then becomes dependent on weird stabs of grisliness.

Peter Debruge, Variety - What’s so much fun about “Send Help,” beyond its twisted B-movie premise and refreshing disinterest in anything more highfalutin than handing Linda a chance to turn the tables, is how unpredictable it manages to be.

Frank Scheck, The Hollywood Reporter - Sam Raimi’s darkly comic horror-thriller starring Rachel McAdams and Dylan O’Brien boasts an audacious concept that is superbly realized by Raimi’s filmmaking, which milks every bizarre situation for all it’s worth.

Kristen Lopez, The Film Maven **B+** \- Hilariously gory, spooky and suspenseful, this is a soon-to-be Halloween classic that continues to make us ask, ""Why the hell is Rachel McAdams not a huge star?""

Matt Singer, ScreenCrush **8/10** \- A vintage Sam Raimi horror comedy.

**SYNOPSIS:**

""Send Help"" is a survival horror thriller about two colleagues who become stranded on a deserted island, the only survivors of a plane crash. On the island, they must overcome past grievances and work together to survive, but ultimately, it’s a battle of wills and wits to make it out alive.

**CAST:**

* Rachel McAdams as Linda Liddle
* Dylan O'Brien as Bradley Preston
* Edyll Ismail as Zuri
* Dennis Haysbert as Franklin
* Xavier Samuel as Donovan
* Chris Pang as Chase
* Thaneth Warakulnukroh as Boat Captain
* Emma Raimi as River

**DIRECTED BY:** Sam Raimi

**SCREENPLAY BY:** Damian Shannon, Mark Swift

**PRODUCED BY:** Sam Raimi, Zainab Azizi

**EXECUTIVE PRODUCER:** Jonathan Hook

**DIRECTOR OF PHOTOGRAPHY:** Bill Pope

**PRODUCTION DESIGNER:** Ian Gracie

**EDITED BY:** Bob Murawski

**COSTUME DESIGNER:** Anna Cahill

**MUSIC BY:** Danny Elfman

**CASTING BY:** Danny Long, Nancy Nayor

**RUNTIME:** 113 Minutes

**RELEASE DATE:** January 30, 2026"
1qovz2c,westend,Question about The Devil Wears Prada musical,"Question: what “manuscript” is Andy grabbing for Miranda?

I know in the movie Miranda makes Andy get her the unpublished Harry Potter manuscript for her twin daughters in the movie but I’m wondering if in the musical if it’s still a Harry Potter book or if they changed it? I’m just curious if they changed it because of the JK Rowling controversies? ",1,2,1769560338.0,devil wears prada 2,full_trailer,2026-01-28,"Question about The Devil Wears Prada musical Question: what “manuscript” is Andy grabbing for Miranda?

I know in the movie Miranda makes Andy get her the unpublished Harry Potter manuscript for her twin daughters in the movie but I’m wondering if in the musical if it’s still a Harry Potter book or if they changed it? I’m just curious if they changed it because of the JK Rowling controversies?"
