Date,1913.HK,CPRI,EL,KER.PA,MC.PA,TPR,^GSPC,^HSI,^STOXX50E
2025-07-02,,-0.004402864986443502,0.039961453850480236,0.03581760066669004,0.04063015027974079,-0.005305020642769492,0.0047338743064907745,,0.006846460899093458
2025-07-03,0.026079697276152447,0.000551432563270743,0.001579173269186847,-0.020993483499664685,-0.00533666400793857,0.04211609667062576,0.00830437821066394,-0.006273222889381558,0.004582635125833163
2025-07-04,0.0,,,-0.0015129671828473265,-0.017752856407300222,,,-0.006413513679409894,-0.010222069517983325
2025-07-07,-0.020000666706669543,,,-0.013925161777226854,-0.004198621359768956,,,-0.0011810951645427308,0.009920729319575862
2025-07-08,0.005037794029957081,0.016086097169737707,-0.0026845854262178693,0.013218383029872906,0.015240362918191858,-0.0028157316944750635,-0.0007161432504695748,0.010835345163626928,0.00567699923312343
2025-07-09,-0.009086398031402734,0.03809495079307014,0.012197384298746608,0.00904979160587792,0.010716296508619112,0.033066192835848836,0.00604380277677969,-0.01064739119732451,0.013626099446217418
2025-07-10,0.020080996364712066,0.010695242363423906,0.06145963441037471,0.03249916137483432,0.03455040672646097,0.0241525077471993,0.0027424410729257912,0.005678098341419418,-0.0013561077252418918
2025-07-11,-0.005982056509765016,-0.02513596167671766,-0.011136631684736381,-0.03812058722691062,-0.03485792874629058,0.008058468466217968,-0.0033029717732258423,0.004617235891523529,-0.010125997592539362
2025-07-14,-0.01207255034603275,-0.003642975367355156,-0.01649469218213531,-0.008593209352407573,-0.01685232220387669,0.031205573382614198,0.0014064243309367943,0.0026374110496587442,-0.0023488006276905283
2025-07-15,0.013072035435570575,-0.025879435324455698,-0.039734233633740956,-0.0016258434801589752,-0.00459819384333574,0.0004922672830771811,-0.003964145065672561,0.01585487455370944,-0.003110518991986969
2025-07-16,-0.011049820943039362,-0.005902920762530326,0.003478337146982953,-0.022939859397965577,-0.0036728039572174387,-0.00919565941590953,0.0031885685253844154,-0.0029469579619019275,-0.010533111846529311
2025-07-17,-0.005063301956546762,0.04678905483780866,0.0018501957105093838,0.0010399570168534871,0.0026248165257995535,0.014692349299542034,0.005359380240011013,-0.000767515738537507,0.01481590575644471
2025-07-18,-0.005089069507471293,0.005122981696662479,0.007480989687437612,0.025351665681335952,-0.008635270151587764,0.012258072887746989,-9.049030280841674e-05,0.013247574374133833,-0.0033381714714483517
2025-07-21,0.002038705612884375,-0.008209376494307488,-0.013506572493037283,0.0,-0.008390534382272061,0.028501314932379066,0.001398157005673256,0.00676362042364584,-0.003036758304555872
2025-07-22,-0.0061287064984147325,0.006163390727471143,0.03382399798193658,0.02630552545606095,-0.006956696761886507,-0.0015048257443299495,0.0006373284966667569,0.005422094969506601,-0.009874570795572418
2025-07-23,-0.016529286317205204,0.017762378966380332,0.007611447639645968,0.04817885908395417,0.030462480576982365,0.027111416788306728,0.007781532145702873,0.016106774881163154,0.01011224127511663
2025-07-24,0.01242248860187142,-0.015205525807627315,-0.03298684766934072,-0.0009412440528933061,-0.02041749955510749,-0.006801407430668825,0.0006979799969332514,0.005042828561737677,0.0020468713692317598
2025-07-25,-0.011381379971493213,0.004077473751843094,0.04098336651369365,0.0433047879548766,0.038484407825724716,-0.000830393057513775,0.003966451001680552,-0.010922728806643474,-0.000567841007376393
2025-07-28,-0.0010411086303781182,0.004060915452827756,0.0231804987496448,-0.026960782663711127,0.0010225887547536203,0.019016823063874012,0.00017684247126657597,0.006821600985853903,-0.002727865569507789
2025-07-29,-0.010471299867295366,-0.0303443267039463,-0.012179312140141988,-0.016108611208004057,-0.029877790425037173,-0.02773105682171508,-0.002963830197466829,-0.001475207281483922,0.0077673191713958836
2025-07-30,-0.014846524419119718,-0.02967888576514905,0.02442575264404241,0.016108611208004105,0.012453741578129514,0.007421202373913957,-0.0012502139385094711,-0.013708699097733298,0.002595524449649342
2025-07-31,-0.08701132511923226,-0.021751788051428217,-0.003422485303680471,0.0027752674088395483,-0.01762713356161496,-0.001572421726079155,-0.003701662046374567,-0.016160412172714533,-0.013676974029514963
2025-08-01,-0.055103832477781556,-0.06824709967770876,-0.0249497903985548,-0.0016179816368079743,-0.022913289345418163,-0.01604972403713285,-0.0161213871855698,-0.010775809860691505,
2025-08-04,0.023370170250140165,0.07482240730660247,0.015909687839511234,-0.005101991703213098,0.0014070625282891806,0.05115698450512361,0.014629564491414495,0.00916468231137072,
2025-08-05,-0.006275717780725381,-0.006025693516382118,-0.01722863597965408,-0.017118564900112838,-0.012625348287497456,-0.0035813538733663586,-0.004869703780462017,0.006812829611244702,0.0013858336422723895
2025-08-06,-0.008754934804725315,0.13545258820454295,-0.008505091117254872,-0.010222296620265858,0.0026252748140779157,0.005902340373482375,0.007255522219852605,0.00032527800067382777,0.0026063653767242913
2025-08-07,0.006816058387501918,-0.0033645642793643585,0.011799247665761882,0.018231831968124133,0.007400954747977769,-0.03327143224549889,-0.0007977981718278668,0.006841085441099777,0.012983183617223774
2025-08-08,-0.019598938401889088,-0.052890985455844454,-0.005826992074372946,0.011895179888909084,0.0005420630392230914,0.005607436978411517,0.0077694548163894745,-0.008923108222980605,0.002934588034085466
2025-08-11,0.0004946935187765383,-0.014315207680026806,-0.01723903295301102,-0.011895179888909091,-0.007287774557498555,-0.010412484995509905,-0.0025072683938851073,0.0019286502922609406,-0.0029757973762674556
2025-08-12,-0.014947923647125876,0.010246030119793019,0.028314140744007343,0.0011724827946844295,-0.0018576615330996038,0.026507386436732422,0.011281559075170764,0.002520994305179768,0.0007724384685280211
2025-08-13,0.01840394297334969,0.11585569507130876,0.03808777036858545,0.018574928755044236,0.02686971259567266,0.023798948374619412,0.0032248733840464015,0.025463913975532732,0.009749930205876434
2025-08-14,0.02722576758090125,-0.03088514931640293,-0.06237143800080965,-0.026102640446021053,0.007002621196966399,-0.1709533012554422,0.00030304487855445177,-0.00369036569228106,0.008583700317889844
2025-08-15,-0.005289774775107627,-0.019858811719930397,0.01629110494341978,-0.00047240047470168767,0.006744014750302496,0.051429130798141355,-0.0029013399163647113,-0.009815120753406546,0.0025561479857784852
2025-08-18,0.0009638775572116143,-0.021236344802212148,-0.002531526805273046,-0.006636636183011222,-0.0005251993089716731,-0.00827308381694641,-0.00010076825773579619,-0.0036957978555361374,-0.0025671989956680395
2025-08-19,0.01149436840059853,-0.020700595120333346,-0.009633987032902065,0.029293268446280878,0.02909854491512172,-0.02011906998258188,-0.005875329112207127,-0.0021451096451674608,0.008910116684800722
2025-08-20,-0.0028612067768482973,0.003479978437162634,-0.03741084153624297,0.023508952964089835,0.007422938066426652,0.009655197731569545,-0.002434630632264957,0.0017116749219835575,-0.0020007968499237898
2025-08-21,-0.010561846694554889,0.013310547011564056,0.013196598558011694,-0.015000173841275678,-0.017475333429902148,-0.004866772850584868,-0.004012219728951123,-0.002440001550912849,-0.0018582814931335772
2025-08-22,-0.008238480435784323,0.05107288353104271,0.03923384206227738,0.02465348233904116,0.020610936282492325,0.012825231834020644,0.015072285158779139,0.009298790829072562,0.004761451080109842
2025-08-25,-0.019160468181911423,-0.007473171097376882,-0.028349398231696497,0.0020087123871278876,-0.014341988030988535,-0.012012469463623375,-0.004275512539646319,0.01918286828509353,-0.008099065559371212
2025-08-26,0.03557011071674631,0.0060761656340915,0.012773273501178186,0.005336878020155007,-0.0036948746153143584,0.022393824967693047,0.00412547371011636,-0.011877902027401141,-0.011134542185473894
2025-08-27,0.03758080311000912,0.004185086606020105,0.03058949005975191,0.01780462263492521,0.03187717516214468,0.0027767609108894863,0.0023881304533030262,-0.012741402754423746,0.0017425756027609348
2025-08-28,0.03265593154283639,0.0009276651063729587,-0.009111770669421346,0.02368246916263183,0.02187061906691701,0.016012935853344623,0.003151747441466755,-0.008085187793649591,0.0006784475072104109
2025-08-29,0.022066208801169912,-0.0464979178024316,-0.00043587557510032317,-0.025208730457160128,-0.01769609646021497,-0.007728844979528476,-0.006418740402792551,0.0031471444066007775,-0.00837334149941743
2025-09-01,-0.012297067244633909,,,0.0028326242233519985,-0.0007937751955848858,,,0.021296805110512095,0.002864144073049151
2025-09-02,0.01621779336869774,,,0.03757915738108559,0.018294997503885708,,,-0.004729406236889545,-0.014269182262655519
2025-09-03,0.0008692072500633396,0.025414970124015016,0.012478242990194765,-0.009051809587004836,0.015090220783476849,0.01582895761100411,0.005087112302941308,-0.006023667016874209,0.0063997142302528775
2025-09-04,-0.017528915389851237,0.029852933931718787,-0.049845903258396156,-0.016201578072262218,-0.04255958569108462,0.01322256100714496,0.008311847102873571,-0.011306031473501827,0.004066865655680505
2025-09-05,-0.030978931443660755,-0.022305735765589314,0.019699519478961924,0.020000732555482893,-0.005726640950265913,-0.011832184669316006,-0.00317017266993674,0.014243335012587486,-0.005355931016939495
2025-09-08,0.004095575737373558,-0.03880733061141323,-0.00393149458127075,0.006509161580954993,-0.00020155474620119142,0.006124352137798229,0.0021037644508885675,0.008459274377636534,0.008362622214282439
2025-09-09,0.034370731346844874,0.04162288689472419,-0.001689657048459374,-0.023934179427740072,-0.008399565471567574,0.0034286367427492294,0.0026845470300734414,0.011798029549384864,0.0011200099740408746
2025-09-10,0.01739929086717193,0.0014048555786929512,-0.014421421402552384,0.001071182953364732,-0.004583707281994202,0.0011403201374953144,0.0029790282293981275,0.010055205452120486,-0.001369881055886652
2025-09-11,-0.008661845477714114,0.021755049260706167,-0.007116663177820247,0.023908923222508708,-0.004912493124826101,0.014799626244803918,0.008450087623093565,-0.00435827446764144,0.00470771974977071
2025-09-12,-0.025552047815461443,-0.06576023806696647,-0.03708032765739956,0.008950006885014322,0.006748498050816668,-0.0037498990100195946,-0.00048287788142832935,0.011504379656822038,0.0007311433821088399
2025-09-15,0.004008028206458451,0.05794589927262224,0.04385381955577109,0.05659416820508656,0.027241982533770442,0.03416135596532172,0.004695577726559718,0.0022106831883257215,0.009175475209212481
2025-09-16,0.04092867828246515,-0.014408776402480006,0.0127332458267552,0.030658868953512577,0.006917758233296703,-0.006100011604467188,-0.0012887604333313247,-0.0003044632923665946,-0.01259457509666097
2025-09-17,0.027767868832388833,0.021306923752361852,-0.003961755651003386,0.01376737193472016,0.007065669323375248,0.0034642772878930024,-0.0009706390782443865,0.01761650659455984,-0.0004859171181024818
2025-09-18,-0.014629325844578345,-0.013844209853737303,-0.001929904423437905,0.006720228924280101,0.012246307756730256,0.030650343902670456,0.004777687836708263,-0.013602416593794858,0.016066621859455215
2025-09-19,-0.010582109330536972,-0.048557870420767084,-0.0022753317337608986,-0.0029811689070626166,-0.013616217238891523,0.007824578797171737,0.004873523937481177,9.417978494300474e-06,0.0003206570060432522
2025-09-22,-0.008117991013542433,-0.02219577044362813,-0.006054809295117055,-0.011070674356199905,-0.007075513034560717,-0.002718546154365621,0.004400350714762291,-0.007599275413360994,-0.0030035640490582182
2025-09-23,-0.007751990176552554,0.019753804095628293,0.005143225022233209,0.018692214374782086,0.03145287834939818,0.019651122700709754,-0.005517351828739721,-0.007048029059823848,0.00555968246578
2025-09-24,0.015444348967004282,-0.011805433681543869,-0.027623849197540847,0.012513960642718537,-0.027319439721050387,-0.023698584280253766,-0.0028506771652953692,0.013650419747156677,-0.0014318579353384414
2025-09-25,-0.014148142810651652,-0.044519196841498375,-0.01582833725267796,-0.009186271588232549,-0.004528039014182819,-0.05082007854822185,-0.005021648742526333,-0.0012818329613008932,-0.0036060374881727196
2025-09-26,-0.017861500719411425,0.02704940007641263,0.031294715774054016,0.015021416601505605,0.017408790744529275,0.011528843282251698,0.005884489130413512,-0.013551279891921028,0.010016001539312267
2025-09-29,0.019587166160625495,-0.008596769575407394,0.02810341293450567,0.046015791032329854,0.014247456521051555,0.021859240913491687,0.002632077259912619,0.0187558678042556,0.0012992087728043564
2025-09-30,0.008583694503945657,0.011613336212143777,-0.011396308096778841,-0.018931397244680286,-0.004982794067072137,0.015667108794297155,0.004082503613507919,0.00870186750536895,0.004187785588905822
2025-10-01,,0.0523218669417444,-0.02202942990415504,0.0028274510866848285,0.006701786115261937,0.005373283404401732,0.0033941541712235066,,0.009225016593523478
2025-10-02,,0.011369131224836961,0.029378569057903408,0.012450766310653645,0.03543364604972456,0.015083696311231362,0.0006181636213842448,,0.011508095735456667
2025-10-03,-0.01858940836228649,0.013567502412078603,-0.008484652256700509,0.03745634774230162,0.018613412055866887,-0.00555364562575251,6.55106568658717e-05,-0.00537221523632535,0.00104445982302295
2025-10-06,-0.0038453433389298917,-0.0159254019831921,0.007244738303852681,-0.018467355162436947,-0.023229071337621313,0.0049476959712017295,0.003639959282762629,-0.006770999157596455,-0.0040760463147402805
2025-10-07,,-0.018585208675107608,0.04434384113468642,0.05586562421819996,0.035627167223233065,-0.0019934714627581934,-0.003818687706853079,,-0.0026862924072184563
2025-10-08,,0.01716774154906322,0.03269237695432046,0.017949113454411882,0.027302433367048712,0.013358237666538555,0.005810748494187323,,0.006411944347565262
2025-10-09,-0.009482982788183221,-0.03072730421207995,-0.018869446200928928,-0.008613801465135828,-0.028732078282860694,-0.028922045093475523,-0.0027593739802789824,-0.002869287209725327,-0.00428724384249862
2025-10-10,-0.001816572465750154,-0.07070079305277467,-0.06962401546081472,-0.009982398240456483,-0.023888122962183997,-0.04746042322680098,-0.027485975439899807,-0.017430462761670526,-0.016894055824347196
2025-10-13,0.00904986988655931,0.04451996011827397,0.0564482278376275,-0.01713621173148026,-0.010309399345237101,0.052558377405490714,0.015478263036934031,-0.01536409579005027,0.0066435822082012526
2025-10-14,-0.044677069091824284,0.002000046443079964,0.024077081502820927,-0.01609596150820518,-0.014163477820229172,0.019104463451963136,-0.00156555149694257,-0.01746093894489307,-0.0029028417410053705
2025-10-15,0.07397343091315668,0.035814449924314755,0.002837995784066969,0.04657317827203439,0.11527737073570729,0.0036918592555395713,0.004017918503427979,0.018276348564465472,0.009497176794040801
2025-10-16,0.003929284683895129,-0.0019296154762335107,0.015932174896728782,-0.014960356302180657,0.007166139501671195,-0.0015437344366876883,-0.006314280275141975,-0.0008529044362202888,0.00834682209514198
2025-10-17,0.02112601774273689,0.022440723381463728,0.040292820001799255,0.0033977329103765086,0.005795085415915305,0.0026570640007814784,0.0052568739445263,-0.025087949707799175,-0.007925797621600507
2025-10-20,0.004681800573006824,0.011734469144135217,0.017118001039755235,0.04716590755151624,0.010510826666780463,-0.0041173368447070995,0.010615724136144117,0.02394084955370079,0.013029587650302535
2025-10-21,0.008877716061671542,0.04605328072778163,-0.039595314373799234,-0.0015420365256979837,0.007649166472958785,0.00685294931977437,3.269591641698797e-05,0.006503490704334809,0.0010380062108475542
2025-10-22,-0.017406503675578538,0.0,0.0009128666550120348,-0.020895787787215507,0.01032274613835919,-0.015572253062718876,-0.005351834774743029,-0.00948798757917811,-0.008409011027736236
2025-10-23,-0.008602236397870439,0.008431318106597781,0.008681691869648974,0.08355184667720832,-0.0038585657935605727,-0.0037354093644631336,0.0058104798620133855,0.007196623797267028,0.005150577661071981
2025-10-24,0.062376349840488204,-0.016035920736004405,0.026483188480152502,-0.03931938602456224,-0.013459997326019513,-0.0016549974461886204,0.007871361975244856,0.007373016805241783,0.0010878982477959492
2025-10-27,0.019492252484682653,0.012051047405076327,-0.016780667505965033,-0.01137149208873689,-0.0016339701694985751,0.002264057620543339,0.012215141327379352,0.010402406246361422,0.00642220216915261
2025-10-28,-0.013019743971991399,-0.01474895254459099,-0.017066993403393,0.0,0.005056712931311727,-0.016310441923441558,0.0022853305022299255,-0.00331788328013729,-0.0011755971302714976
2025-10-29,,-0.03949083914286508,-0.014277250983029104,-0.006118068331755101,0.006810438140310076,-0.0016812102992683974,-4.3579204733175357e-05,,0.00025590542559867925
2025-10-30,,-0.027060738827411234,0.0025645385938212212,-0.040227671925987286,-0.014159183465705926,-0.013821543589228623,-0.009954191424534511,,-0.0011626285376941331
2025-10-31,-0.02959686529318546,-0.001444772037949423,-0.009469958686762729,-0.020166916038770816,0.0032726530718445996,-0.014015399034829349,0.0026145009178832708,-0.014410819195117037,-0.006538077480604252
2025-11-03,0.006941453152155269,-0.0014468624246874572,-0.03622597118778234,-0.00719654411486723,0.007649166472958785,-0.03229518538011736,0.0017192339969181521,0.009669102015344187,0.003034923555955008
2025-11-04,0.013740087467001127,-0.00048275305154600416,-0.0039756908534196115,-0.006257168506226652,-0.009120509514617655,0.0005641200195100321,-0.011806250392326715,-0.007904703663292682,-0.0033599199750573463
2025-11-05,-0.034710692339906916,0.0712758278904583,-0.0194603592445015,0.0004953517237597859,0.0026143736249736992,0.02707623080793593,0.0036468976756877185,-0.0006548834804610569,0.0015763843559332305
2025-11-06,-0.004424802971660786,-0.03383952395731498,-0.037014273872028575,-0.03854082436220592,-0.021108906579728262,-0.10098903806343264,-0.011241134514722728,0.021003308210867634,-0.010274578717649517
2025-11-07,-0.01564270887057637,0.027977087340964095,-0.0003418027357100874,0.028752184105302333,0.005319147094653276,0.048110513149056795,0.0012610463474931072,-0.00925782519162318,-0.007989226465035415
2025-11-10,0.0423343228714957,-0.02241117144606382,0.021198217328948842,0.03457384414280582,0.02407785879960704,0.02288421845282545,0.015283626703501816,0.015399192991230128,0.01743971992749801
2025-11-11,0.016699141949475544,0.003693444676395901,0.013409504626666959,0.01977415860202996,0.023985747126703167,-0.03882862961800216,0.0020731999523923177,0.001775206823954834,0.010753285932870418
2025-11-12,0.03299530576255224,0.017359922248639467,0.012797672587908383,-0.00792647028384531,0.022342904788959984,0.018833741903886196,0.0006293191259445972,0.008441823345485294,0.01070275280457648
2025-11-13,-0.009909237503170238,-0.021053366925035358,-0.022976915012881172,0.02266037576446265,-0.016199736922101655,-0.03145719307078713,-0.01669545163092778,0.005567074783390036,-0.007722437863294824
2025-11-14,-0.026062880861230434,0.003693444676395901,-0.019540145198411865,-0.0023367038056563935,0.0003140570414105944,0.00643028376960442,-0.0005018514712717733,-0.01866262702923519,-0.00857256368729716
2025-11-17,0.0017021670291690995,0.0,-0.023986954505658915,-0.02255435789624388,-0.02061926878658028,0.003248823131028337,-0.009204497894305158,-0.007107024785749701,-0.009321890171680433
2025-11-18,-0.031090639995029302,0.006888643295254371,0.02262507692341199,-0.011712983849442395,-0.020562609424913073,0.015023183166709728,-0.008290709844169318,-0.017366622209249907,-0.01901154402906653
2025-11-19,0.008733713431011883,0.009111628292257958,-0.024717983406922293,-0.04303685133326768,-0.0027847932572834205,0.010881797175408188,0.00374680773726533,-0.00383994294368358,0.001325269298888096
2025-11-20,-0.01754429277171819,0.016194713711490307,0.008114975704003607,-0.007271533141239284,0.016271136835654506,-0.021589594955955492,-0.01568972611631523,0.0001904502331665904,0.005016243980844941
2025-11-21,-0.02056402344476231,0.06395265478539003,0.037282626773619716,0.005416475123151511,0.00547243316328655,0.029507544224828812,0.009775103041592069,-0.024114131712746147,-0.009892733782126972
2025-11-24,0.011675042118426246,0.004593894558639712,0.03808631855971204,-0.0018587129233005404,-0.002088946162893912,0.00426688350596221,0.015348818899081837,0.019494704267213333,0.0024593227773628355
2025-11-25,0.026433274098054106,0.036412261509595666,-0.015648061387373485,0.009091108160772745,-0.0038677926047701702,0.01865354689281095,0.009020886000832944,0.006899742784463352,0.008149544419857165
2025-11-26,0.004771234767851567,0.028907237368009632,0.0189619832075743,0.0016743961829389885,0.009801604529557688,0.027659929936343062,0.006882969436149685,0.0012940022919544205,0.014545871657284461
2025-11-27,-0.011752059228461181,,,-0.008906791420411203,0.0031929170337066815,,,0.0006881908747798795,-0.00042624627593517475
2025-11-28,0.008718484095579333,,,-0.01154521965546581,0.012827729311941635,,,-0.0033602720316199216,0.0026498645892177007
2025-12-01,0.0082126515124869,-0.006723381898193242,0.006780429650337223,0.022624706814219027,0.011265980574040347,0.025477920269001544,-0.005337548746055966,0.006720469111011347,-0.00012172948406947252
2025-12-02,-0.007778790733274885,-0.0015885990252140294,0.05074411335658572,-0.016835487586354645,-0.00157058635720455,-0.025660929104061824,0.002454221195936617,0.0023707288387968426,0.0032923259831567618
2025-12-03,-0.010466723460345776,0.08455736344143475,0.023703177817877553,-0.002039367717787512,-0.009317117307429304,0.024053934632931127,0.0029753605210852863,-0.012894413567802675,0.0014744464112859416
2025-12-04,-0.016799650745171917,0.010174531511084843,0.017391740125296384,0.004921561238220507,0.004432475937020402,0.027669356333203374,0.001079738711974404,0.006776866862150805,0.0041217549222056435
2025-12-05,-0.005812717884272822,-0.022670035687035347,0.012539030270236853,0.000507675793902864,-0.007929034529577375,0.014201877134747163,0.0019347688846794776,0.0057353819589508435,0.00102256474801019
2025-12-08,0.010261140667553818,-0.02888966391023458,-0.022606915469008285,-0.012257604169238543,-0.004627665474169245,0.008305850698784674,-0.0034833153316476935,-0.012332576492908576,0.000289910490141636
2025-12-09,-0.00044396132262167307,-0.01302700980299863,-0.0013630102844894084,-0.01867270466506351,-0.01433783760658325,0.007983784496720199,-0.0008767431610132386,-0.012935006867591584,-0.0012705483912711498
2025-12-10,0.0017745793586180468,0.003080476940533716,0.04421453078768983,0.00799580580134293,0.004048279256893413,-0.00406881469589536,0.006726880659139976,0.004180439936594534,-0.0017852821688335045
2025-12-11,-0.00711746112599564,0.026556904584969773,-0.016162749207905704,0.010505685336782984,0.010289558349689911,0.0477663093881989,0.00207719198371703,-0.0004021645655290324,0.00799856358159704
2025-12-12,0.026433274098054106,-0.02578824745981404,-0.013927567968102211,0.01479494880944182,-0.001120289905411606,-0.0022699625524362646,-0.010720913458554537,0.017329212564904294,-0.005795389896013765
2025-12-15,-0.010050315749695267,-0.0023077461507725124,-0.029934441169969794,0.026157195857425368,0.0025586935613265273,0.0029985048551752908,-0.0015978388918367072,-0.01348353677462637,0.005545106331237836
2025-12-16,-0.009708868064002802,-0.010062013566685148,0.03271635186368026,0.019057473474257503,0.016474343450845613,-0.003972952170145028,-0.00238676400843967,-0.015471701034641553,-0.006048646619336847
2025-12-17,0.0039831942605388386,-0.01765785968463774,0.008679574088123252,0.009953551427079174,-0.007569780120175493,-0.007338560791941609,-0.01165985661137129,0.009205187619677022,-0.006344186592956327
2025-12-18,0.030450407020032457,0.0051332456941498945,0.024762114695738236,-0.008663650979603544,0.008982860078328209,0.025931409078565188,0.007902951520479156,0.001151789098255055,0.010511878716119853
2025-12-19,0.008957154669823542,-0.005529215956164629,0.0005556587649707134,-0.025293034328879863,-0.008982860078328304,0.0001594506410316273,0.008779407421828872,0.007517264290033889,0.0032411851341609737
2025-12-22,-0.04783513989364375,0.00039597026201491843,0.006000527614553551,0.008556915247774138,-0.006352202333361059,0.027911805909261567,0.006415870575561936,0.004320661922672644,-0.002896402975037338
2025-12-23,0.006659274985228719,-0.014354337832791213,-0.00933940541667312,-0.018855934358569915,-0.0006375044916101851,0.0036375675053817494,0.004540067046788208,-0.00107138812709924,0.000972741480011301
2025-12-24,0.007933065004075951,-0.0036210119727846006,-0.0014874762495346936,0.01376355804639646,0.007622674155227467,0.005854254749052126,0.003216304344700708,0.0017362437815876207,
2025-12-26,,0.007228959510116179,0.0015804011952177898,,,0.008413069612619933,-0.00030440987710828846,,
2025-12-29,,-0.015322846484002365,-0.008864142060945778,,,-0.007338438057874861,-0.003498162923937312,,
2025-12-30,0.0004439613226216678,-0.004071682325596279,-0.008092613846345308,0.005004130797318366,0.009587414536317056,-0.006233880498482472,-0.0013766142506534472,0.008520924135358017,0.007708822906011836
2025-12-31,-0.0017770291269197287,-0.004498090213174515,-0.010638363789945314,0.0016625282188667283,0.008876544848401502,-0.013680688306945141,-0.007384867434248815,-0.008703947088333797,
2026-01-02,-0.006244417666600721,-0.0004099294619866007,0.019293235519800056,0.011889219156001532,-0.004973626120963611,0.010123179494299623,0.0018929140261155547,0.02724606212715531,
2026-01-05,-0.03182090129892445,0.011414746430680993,0.013028298309932393,0.0013123297482212151,0.0015568929784612808,-0.004192574444260488,0.006334024511051582,0.00033289980053183586,
2026-01-06,0.009653073840673765,0.043623108793861526,0.0035992703014836383,0.03400534203858193,0.002486132748651208,0.03553918890887359,0.0061775920038938375,0.01369131078975615,0.0013664733827737133
2026-01-07,-0.010115084895828932,-0.011317229689351433,-0.030682456022795894,-0.03630312605153775,-0.023711655837515826,-0.016733272772830914,-0.0034458535710101927,-0.009460399520827717,-0.0013867510148811327
2026-01-08,-0.015836388876869577,0.02671990671902003,0.04640341476062689,0.017912859899474654,0.00822921044783153,0.0192829942993401,7.654532942294603e-05,-0.011771620989789941,-0.0032550214059444446
2026-01-09,0.01398629545412953,-0.0019123829192297897,0.03089533984328681,0.024235958320281394,0.027360558012136358,0.006197119590236281,0.006454611138321038,0.0031491734386523253,0.015653492857649803
2026-01-12,-0.015395681617044833,-0.024807523799790253,-0.006262488775880957,-0.009973997069350744,-0.005844345689697849,-0.00484990780812535,0.0015763900591805138,0.014257981309989566,0.003134670504210032
2026-01-13,0.014005795519196392,0.025572872108387563,0.020579643169005117,-0.012053179267555897,-0.0026256951171135744,0.005073200365400417,-0.0019410055882070072,0.008978882687951543,0.002246410965017626
2026-01-14,-0.010251688710838392,-0.015420491570830318,0.013260083572777087,0.006446436506320049,-0.013546256713356613,-0.009045153027727668,-0.005347633584135448,0.005620986917617421,-0.004118081559379213
2026-01-15,0.004206603569936827,-0.0027231954207579735,-0.010836074310203461,-0.032158181837072024,-0.019310532923091032,-0.0008263894299836216,0.002576603920444464,-0.00282591286924989,0.005992009123138078
2026-01-16,-0.015985302550850126,-0.03286773464704672,-0.0052015576147717135,-0.04305013699020222,-0.026724341787970375,-0.017972044906974842,-0.0006425086684515026,-0.002925807567263761,-0.0019369301317417285
2026-01-19,-0.010960297259616808,,,-0.04191226363637632,-0.04430257102000259,,,-0.010524962877600649,-0.017336783952519672
2026-01-20,0.0009577850495325286,,,-0.026351066166986084,-0.022207775560949883,,,-0.002879873600779652,-0.005709954906071319
2026-01-21,-0.010103481953792707,0.02024360565131457,0.029356936185349247,0.018554838390628502,0.026317401596174034,0.02356660361239766,0.01152111763356032,0.0036761321539015073,-0.0015626715021055475
2026-01-22,0.010582076321347566,0.011952302945106116,0.013650331867172747,0.019288477528174645,0.01778353193029337,-0.02078322560968692,0.0054725007079021405,0.0016875085277701734,0.01238122594590489
2026-01-23,-0.0009574178973583403,-0.02323822208752359,-0.015178594408158752,-0.01837880771598435,-0.007244592869258823,0.00400671539411819,0.0003268164274822459,0.004479213691309787,-0.0013389583278625404
2026-01-26,-0.0072098184557626895,-0.013056068439138637,-0.011107451172911498,-0.008950693247800741,-0.005765676965304976,-0.030132569022541442,0.00499359426016032,0.0005983278459516722,0.001612567017505953
2026-01-27,-0.006776375915029375,-0.019071929405400673,0.00042949124290665383,0.007312646846286557,0.00220839491287354,0.010720564232822777,0.004073587840441241,0.013413195376509948,0.006156117116819546
2026-01-28,-0.022097671465498896,-0.036228060225186244,-0.015753816554829655,-0.030703309131958838,-0.0821944188155526,-0.012148123672403787,-8.172639170147053e-05,0.02547587384935917,-0.010293640364415936
2026-01-29,-0.0009934700420366795,-0.003478343987639026,0.005134267609411736,-0.013235208658561072,-0.0007371397574816935,0.010500255794996086,-0.0012934674424623016,0.00506066811739791,-0.006976683755302063
2026-01-30,-0.004982590190546584,-0.017131954268338117,0.0006073789084772966,0.005504357345010391,0.008262224943877567,-0.00330396488027843,-0.0043111794144580756,-0.020991769918397057,0.00943604879800066
2026-02-02,-0.003001571737179093,0.02494111808091571,0.029740706589574888,-0.021428048875272204,-0.01585009432227825,0.021514560707402992,0.005376785277364613,-0.022582525632504902,0.009987219770772021
2026-02-03,-0.011589928182092282,-0.14183840436502898,-0.02118961267098906,0.0,-0.01742753864031605,-0.020569490731651752,-0.008439495590663714,0.002208500934127106,-0.0020261291503984955
2026-02-04,0.010587494483801299,0.03282195565267812,0.028321430255618518,0.022184954141422738,0.013332279062683585,0.022495582925376123,-0.005085300155013826,0.0004675966049464677,-0.00415849779069452
2026-02-05,0.023787025155833325,-0.05345161039704384,-0.2130368072369374,-0.018517303164282933,0.00390960053388162,0.09725360807108964,-0.01232667785383289,0.0014114320175405563,-0.007526830795312005
2026-02-06,-0.00885398336188212,0.02559739376848427,0.028656400931140146,-0.005603385316115315,-0.0037230985992512096,0.06036573108635986,0.019504344282200718,-0.012173033188570456,0.012193894256165289
2026-02-09,0.016658893587841193,-0.005964274137370354,-0.004635194812277417,0.0063738483832296786,-0.0014929903093941388,0.016626303670874483,0.004680117860123293,0.01743787944527929,0.010053630997665878
2026-02-10,0.01015241920811506,0.005964274137370404,0.022964216673450392,0.10343331446288827,0.004286584123831811,-0.009550865456232766,-0.0033091822845107053,0.005755018310621513,-0.001974168509808381
2026-02-11,0.0038406153947080557,0.02399134733657638,0.039482626654776566,-0.02924283628473202,-0.023712157619219694,0.009680160069224687,-4.89572699497733e-05,0.0030571625379911187,-0.0018902935752576034
2026-02-12,0.015688456364138424,-0.03445226434085202,0.00972578230861187,0.005348559495790097,-0.0011432129425816393,-0.013080574262504306,-0.01578494138611745,-0.008613182099249142,-0.00404254535588146
2026-02-13,-0.012339986719101513,0.022283703428883757,0.01695746242810233,0.011139691870603449,-0.019833120228086167,0.007439902654231533,0.0004989646444475858,-0.017366962231276317,-0.004344609860690964
2026-02-16,-0.023189515170277238,,,-0.04864071057902897,0.007941915921679919,,,0.005211663470338101,-0.0010615245639011275
2026-02-17,,,,0.007540220710321447,0.01797376322877429,,,,0.007161297446830535
2026-02-18,,0.03234653726892133,-0.004827075312635689,0.012562795016550953,0.01168061617334992,0.007446927350402585,0.005550636821134019,,0.013446559548732565
2026-02-19,,0.014151233657832584,0.001253715760755626,-0.0030805717724817407,-0.004505392021786595,-0.017572849694444857,-0.0028261153915347848,,-0.0071939856632573206
2026-02-20,,0.036785721726966994,0.022039252596260026,0.009033485097667826,0.04272421291016293,0.03096662184091714,0.006915755702175204,,0.01176132858929796
2026-02-23,0.0303406989735384,-0.07887711313982898,-0.01064922922375035,0.03011742246415722,0.0059315666436893155,-0.026577029472609464,-0.01043995947145646,0.02499643371655002,-0.002840313891623173
2026-02-24,-0.019968172551110396,-0.006862742241727205,0.01988597900622476,-0.0048985188278355745,0.006786920985170327,0.010016937407731899,0.007622488962383376,-0.018318731549731737,0.00043827667505097283
2026-02-25,0.008407350150034413,-0.0034491137697136636,-0.02077115610180095,0.009425734711327823,-0.015787922651770616,0.015477356119215361,0.0081034339701294,0.006574739022037301,0.00923034968974591
2026-02-26,0.018890211509454365,0.025342508596891727,-0.009073969824057808,0.003295509797716821,-0.0025349031476284223,0.02249551892472973,-0.005380026995566101,-0.014477196127406344,-0.0019067504993377936
2026-02-27,0.015398861969177651,-0.013078435470843591,-0.0188223295744102,-0.009919183856165565,-0.013690041852300147,-0.03177884186557146,-0.004348795128037643,0.009413847869377271,-0.00376422532321413
2026-03-02,-0.018598850748919916,-0.05203779912655221,-0.08858214262855969,-0.05167993860584751,-0.044343095303202615,0.006091838609941065,0.0003982754131349892,-0.021662841555605168,-0.024986987187115516
2026-03-03,-0.011049825512574671,-0.026016036366728147,-0.014882158484058388,-0.0656441044453208,-0.03579148603982762,-0.012868481605495806,-0.009488908731312503,-0.011259281060964264,-0.036606930349570764
2026-03-04,-0.019163934867261843,-0.0005272992109652909,0.005052557278758398,0.010368845428835675,0.010301156356185013,0.015996296420359296,0.00772612574014956,-0.020330939667181837,0.01703947849654711
2026-03-05,0.02332195197758678,-0.01434279849758503,-0.03424567069570522,0.004078934656398559,-0.0031582758768200353,-0.04770730088121269,-0.005662707772703004,0.0028419322811362754,-0.015107756015460713
2026-03-06,-0.05935755799751272,-0.04039849260410475,-0.033408923540955655,-0.0021345435640594736,-0.00714288047936499,-0.03443338784322972,-0.013365720432496335,0.017070145145454123,-0.010952275719545468
2026-03-09,-0.04094429455196748,0.02040318515003971,-0.0009711785821454167,-0.010348599347009893,-0.009000951924630489,0.009321704868556381,0.008269871665388671,-0.013635431109227492,-0.0060849644110621106
2026-03-10,-0.004085803442954354,0.015168258640363043,0.017549936183453352,0.03053965205892695,0.013570333659125976,0.018858878233797737,-0.002137402505887721,0.021470828463588568,0.026379735726499487
2026-03-11,0.01825601909246848,-0.04059799160570836,-0.029386924571395166,-0.011295158488703525,-0.008359954428084999,-0.019408870214925676,-0.0008379521856348736,-0.002357972733751769,-0.007305791379057309
2026-03-12,0.003010512454100044,0.0237909028363707,-0.08251280035585988,-0.015326760841321807,-0.010650097088279364,-0.01909183633789192,-0.015344808189494536,-0.007052171747488977,-0.007933469107241384
2026-03-13,-0.021266531546568452,0.01573121682050941,0.041708971391603504,-0.027953066293216536,-0.04398355121045288,-0.0040031802372170345,-0.006077546398501344,-0.009814403843254662,-0.005630868035259305
2026-03-16,-0.009771254278656666,-0.01191131084355911,0.00996390586925279,0.004012846525510862,0.011126390761761272,-0.0022545262382790473,0.010079909746818997,0.014363703367317533,0.003910732307412509
2026-03-17,0.012837146509224106,0.009216658917257536,0.00168854119011136,-0.008445619602880136,-0.014192142308199669,0.009686359661328223,0.002491149384952951,0.0013353124997326033,0.005255408652926163
2026-03-18,-0.022183024661797848,-0.01742023388971119,-0.03304487499144131,-0.015876617352590383,-0.007865664553219262,-0.020251250604741495,-0.013700999383730839,0.006046227359321183,-0.005631793171380613
2026-03-19,-0.008907581870974164,0.017959766055462973,-0.004894523008545402,-0.046617681783602025,-0.01787301925372312,0.01773341040271879,-0.002752582623899739,-0.020372549630059026,-0.021677086272707206
2026-03-20,-0.031001944197371695,-0.024571301676768173,0.0037313441273882603,0.006641643237902202,-0.005009732199419824,-0.013536572429013528,-0.015253934307770224,-0.00879363670385868,-0.020252456577513876
2026-03-23,0.00703271295556293,0.01099520461680859,-0.08030458061852144,0.04611228205320216,0.018712317715584195,0.024817209497034042,0.0113881090950741,-0.03604310305360796,0.013189551897623683
2026-03-24,0.03496118119693885,-0.0010941170135449205,-0.10369429157639214,0.011152909011124349,-0.012616817598865918,-0.002773499857889768,-0.0037495954593205535,0.02755656029785994,0.0012496341905504423
2026-03-25,0.021118567790028624,0.002732947142519465,0.022547427399142003,0.016400392009201268,0.0034666100006322427,0.014886480461667064,0.005404493759949214,0.01080328431448103,0.012117028415855827
2026-03-26,-0.013857057721610992,-0.04350930344733996,-0.047047743952150035,0.0005949187938850904,-0.0087981798800217,-0.03317519073134665,-0.017559440961209507,-0.019107845907413833,-0.01487284963516466
2026-03-27,-0.042222691265356556,-0.015513120475698096,-0.0367977942884531,-0.01558470662554445,-0.005579595129208783,-0.018341333599674953,-0.01686323194605131,0.003832745486630841,-0.010862071673258386
2026-03-30,-0.01630466789613133,-0.028187393047298986,0.011093967236141257,0.03249095980609591,0.017185556926737587,-0.013925364328300546,-0.003953553833355896,-0.008091834681868628,0.006515513737411563
2026-03-31,0.011441099451006949,0.04825114252004326,0.054252921019323205,0.0003898113568208617,-0.0011869277114288856,0.030142932106216668,0.028714893309798716,0.0015079683720921051,0.005029014975961722
2026-04-01,0.016653695506958218,0.0196689944471863,-0.014879521999973134,0.025395769862814124,0.017127369916247887,0.022701215996668443,0.0071429450037592815,0.02020303351932318,0.02884178620661899
2026-04-02,-0.01340862105117176,-0.0005566506866675761,-0.022742828436284137,0.007758531663633491,-0.0001061986325603581,-0.022063644945572013,0.0011202481362370179,-0.007042204590023427,-0.006975627449535146
2026-04-06,,0.04304674051827755,0.025567354728144944,,,0.017550468401846837,0.004417013131605809,,
2026-04-07,,-0.01775671744735106,-0.02484430281968515,,,-0.02465781901465731,0.0007589600331270599,,
2026-04-08,,0.05492399474216312,0.03229075460177364,0.07292950333340713,0.0662974978376212,0.071358188144916,0.024772038357183543,,0.0485346558338602
2026-04-09,0.004175367253950492,0.018330483793244565,0.025566215687141382,-0.010150486756418284,-0.030323879253007422,0.01352299888998777,0.006151066869514015,-0.005445574393011591,-0.002892562496800867
2026-04-10,0.01345071094106686,0.0030226455089908673,-0.008495566997904262,0.007260877466262909,-0.0013440510553990395,-0.015317822804847187,-0.0011391696991393636,0.005465638721058313,0.005044641985379692
2026-04-13,-0.03025791344479967,0.009511988589209765,0.025541462714765345,-0.016044188878930773,-0.003212239845976085,-0.002198034830134365,0.010121875493741075,-0.009027011636188336,-0.0035651482651354906
2026-04-14,-0.0010598066988962934,-0.015060487265691914,0.024774335911876413,0.028803775107859315,-0.0006228800416741743,0.005983224254375061,0.011713988916143619,0.008207214517216205,0.013371585238297266
2026-04-15,-0.019813276547184736,0.0,0.0023526387681136345,-0.09745533615071303,0.000934174630571642,0.0033086320293954667,0.00794414491156507,0.0028946573717772307,-0.007408080659165863
2026-04-16,0.009152154221574973,0.0025258531674912416,-0.01658590317033118,-0.03119006566362548,0.0044515934387567594,-0.004502375885430573,0.002606555815286028,0.017078212597616587,-0.0011892008749529819
2026-04-17,-0.009693145799149703,0.05305762721414859,0.011350268987160605,0.029614045275650067,0.03121913358086178,0.03366928274452429,0.011968553928737802,-0.0089024092152727,0.020754690810928587
2026-04-20,0.03770029640682748,0.0180185560219941,0.021422456036479624,-0.02152338615561377,-0.017880171255907264,-0.014477118641663476,-0.0023771959102520377,0.007644168296125252,-0.01247158340415997
2026-04-21,0.02368798105244855,-0.004710342158681838,-0.025894334373248663,-0.02035072293128191,-0.009318570804994956,-0.020453842545508104,-0.00636845358085314,0.004783873747174909,-0.008793880385298315
2026-04-22,-0.013835755743530138,-0.016183130374895518,0.010490563416690355,-0.021193358416595847,-0.024368567403350316,-0.029192768814613454,0.010405756011537825,-0.012316805129013902,-0.004060301379227101
2026-04-23,-0.026138446892090245,-0.004810032441429016,-0.0033973915784943033,0.00020992249092829945,0.0018957333071853287,0.0019137370612020684,-0.004141432170939999,-0.009525742085416693,-0.0019473411574280567
2026-04-24,-0.006376160487829276,-0.005317905362695545,0.0184157474901362,0.007946546071960157,-0.007498582890301195,-0.003831143535357029,0.007942067917632457,0.0024230935949728135,-0.0019103078410907179
2026-04-27,-0.025919352189935026,-0.013174064742621236,-0.006445813241636704,0.01529586218799826,-0.00894476304501592,0.003967728764205049,0.0012316180005498539,-0.002019891406145278,-0.003944240647907932
2026-04-28,-0.025486198671469368,-0.025872112112647498,-0.0028493896148341484,-0.03188763993508934,-0.011369997064843467,-0.018119092400660678,-0.0049061878687959495,-0.00952895676604316,-0.004141397340494729
2026-04-29,-0.003935888995773583,-0.027595053167351093,-0.018457177201967122,-0.01515020114974339,-0.013950597613724336,-0.015695320900163907,-0.00039925174351248426,0.016684960901689205,-0.003367517853943412
2026-04-30,-0.022792987541829037,0.010822109986236242,0.013385982459879802,0.000429883262778976,0.006556631077626095,0.024003295793289338,0.010186184168105012,-0.01292448461968067,0.011118227397071129
2026-05-01,,0.006131799169242144,0.033206101088216956,,,-0.015984688130206166,0.00292404968652147,,0.0
